,From Date,To Date,SO2
21,2019-06-25 01:15:00,2019-06-25 01:30:00,19.86
117,2019-06-26 01:15:00,2019-06-26 01:30:00,19.7
213,2019-06-27 01:15:00,2019-06-27 01:30:00,27.72
309,2019-06-28 01:15:00,2019-06-28 01:30:00,45.56
405,2019-06-29 01:15:00,2019-06-29 01:30:00,39.17
501,2019-06-30 01:15:00,2019-06-30 01:30:00,38.67
597,2019-01-07 01:15:00,2019-01-07 01:30:00,37.62
693,2019-02-07 01:15:00,2019-02-07 01:30:00,56.72
789,2019-03-07 01:15:00,2019-03-07 01:30:00,50.51
885,2019-04-07 01:15:00,2019-04-07 01:30:00,35.87
981,2019-05-07 01:15:00,2019-05-07 01:30:00,33.06
1077,2019-06-07 01:15:00,2019-06-07 01:30:00,36.58
1173,2019-07-07 01:15:00,2019-07-07 01:30:00,24.1
1269,2019-08-07 01:15:00,2019-08-07 01:30:00,38.38
1365,2019-09-07 01:15:00,2019-09-07 01:30:00,28.24
1461,2019-10-07 01:15:00,2019-10-07 01:30:00,35.71
1557,2019-11-07 01:15:00,2019-11-07 01:30:00,44.83
1653,2019-12-07 01:15:00,2019-12-07 01:30:00,49.57
1749,2019-07-13 01:15:00,2019-07-13 01:30:00,49.47
1845,2019-07-14 01:15:00,2019-07-14 01:30:00,122.35
1941,2019-07-15 01:15:00,2019-07-15 01:30:00,89.53
2037,2019-07-16 01:15:00,2019-07-16 01:30:00,173.26
2133,2019-07-17 01:15:00,2019-07-17 01:30:00,182.09
2229,2019-07-18 01:15:00,2019-07-18 01:30:00,None
2325,2019-07-19 01:15:00,2019-07-19 01:30:00,84.6
2421,2019-07-20 01:15:00,2019-07-20 01:30:00,None
2517,2019-07-21 01:15:00,2019-07-21 01:30:00,83.21
2613,2019-07-22 01:15:00,2019-07-22 01:30:00,63.85
2709,2019-07-23 01:15:00,2019-07-23 01:30:00,38.15
2805,2019-07-24 01:15:00,2019-07-24 01:30:00,55.68
2901,2019-07-25 01:15:00,2019-07-25 01:30:00,59.71
2997,2019-07-26 01:15:00,2019-07-26 01:30:00,None
3093,2019-07-27 01:15:00,2019-07-27 01:30:00,115.7
3189,2019-07-28 01:15:00,2019-07-28 01:30:00,82.9
3285,2019-07-29 01:15:00,2019-07-29 01:30:00,61.28
3381,2019-07-30 01:15:00,2019-07-30 01:30:00,59.08
3477,2019-07-31 01:15:00,2019-07-31 01:30:00,48.16
3573,2019-01-08 01:15:00,2019-01-08 01:30:00,44.02
3669,2019-02-08 01:15:00,2019-02-08 01:30:00,35.82
3765,2019-03-08 01:15:00,2019-03-08 01:30:00,38.99
3861,2019-04-08 01:15:00,2019-04-08 01:30:00,46.4
3957,2019-05-08 01:15:00,2019-05-08 01:30:00,36.42
4053,2019-06-08 01:15:00,2019-06-08 01:30:00,None
4149,2019-07-08 01:15:00,2019-07-08 01:30:00,39.9
4245,2019-08-08 01:15:00,2019-08-08 01:30:00,38.41
4341,2019-09-08 01:15:00,2019-09-08 01:30:00,50.59
4437,2019-10-08 01:15:00,2019-10-08 01:30:00,47.29
4533,2019-11-08 01:15:00,2019-11-08 01:30:00,42.18
4629,2019-12-08 01:15:00,2019-12-08 01:30:00,43.41
4725,2019-08-13 01:15:00,2019-08-13 01:30:00,42.18
4821,2019-08-14 01:15:00,2019-08-14 01:30:00,49.23
4917,2019-08-15 01:15:00,2019-08-15 01:30:00,None
5013,2019-08-16 01:15:00,2019-08-16 01:30:00,None
5109,2019-08-17 01:15:00,2019-08-17 01:30:00,50.36
5205,2019-08-18 01:15:00,2019-08-18 01:30:00,40.06
5301,2019-08-19 01:15:00,2019-08-19 01:30:00,None
5397,2019-08-20 01:15:00,2019-08-20 01:30:00,None
5493,2019-08-21 01:15:00,2019-08-21 01:30:00,40.53
5589,2019-08-22 01:15:00,2019-08-22 01:30:00,57.51
5685,2019-08-23 01:15:00,2019-08-23 01:30:00,50.83
5781,2019-08-24 01:15:00,2019-08-24 01:30:00,30.47
5877,2019-08-25 01:15:00,2019-08-25 01:30:00,37.6
5973,2019-08-26 01:15:00,2019-08-26 01:30:00,45.56
6069,2019-08-27 01:15:00,2019-08-27 01:30:00,45.06
6165,2019-08-28 01:15:00,2019-08-28 01:30:00,41.42
6261,2019-08-29 01:15:00,2019-08-29 01:30:00,42.05
6357,2019-08-30 01:15:00,2019-08-30 01:30:00,48.16
6453,2019-08-31 01:15:00,2019-08-31 01:30:00,None
6549,2019-01-09 01:15:00,2019-01-09 01:30:00,None
6645,2019-02-09 01:15:00,2019-02-09 01:30:00,63.48
6741,2019-03-09 01:15:00,2019-03-09 01:30:00,48.02
6837,2019-04-09 01:15:00,2019-04-09 01:30:00,54.21
6933,2019-05-09 01:15:00,2019-05-09 01:30:00,67.39
7029,2019-06-09 01:15:00,2019-06-09 01:30:00,58.19
7125,2019-07-09 01:15:00,2019-07-09 01:30:00,53.26
7221,2019-08-09 01:15:00,2019-08-09 01:30:00,50.57
7317,2019-09-09 01:15:00,2019-09-09 01:30:00,61.86
7413,2019-10-09 01:15:00,2019-10-09 01:30:00,53.47
7509,2019-11-09 01:15:00,2019-11-09 01:30:00,None
7605,2019-12-09 01:15:00,2019-12-09 01:30:00,None
7701,2019-09-13 01:15:00,2019-09-13 01:30:00,66.84
7797,2019-09-14 01:15:00,2019-09-14 01:30:00,88.82
7893,2019-09-15 01:15:00,2019-09-15 01:30:00,142.29
7989,2019-09-16 01:15:00,2019-09-16 01:30:00,73.52
8085,2019-09-17 01:15:00,2019-09-17 01:30:00,97.99
8181,2019-09-18 01:15:00,2019-09-18 01:30:00,46.79
8277,2019-09-19 01:15:00,2019-09-19 01:30:00,None
8373,2019-09-20 01:15:00,2019-09-20 01:30:00,130
8469,2019-09-21 01:15:00,2019-09-21 01:30:00,109.83
8565,2019-09-22 01:15:00,2019-09-22 01:30:00,110.01
8661,2019-09-23 01:15:00,2019-09-23 01:30:00,113.34
8757,2019-09-24 01:15:00,2019-09-24 01:30:00,141.3
8853,2019-09-25 01:15:00,2019-09-25 01:30:00,106.95
8949,2019-09-26 01:15:00,2019-09-26 01:30:00,None
9045,2019-09-27 01:15:00,2019-09-27 01:30:00,94.06
9141,2019-09-28 01:15:00,2019-09-28 01:30:00,100.53
9237,2019-09-29 01:15:00,2019-09-29 01:30:00,110.85
9333,2019-09-30 01:15:00,2019-09-30 01:30:00,125.26
9429,2019-01-10 01:15:00,2019-01-10 01:30:00,175.83
9525,2019-02-10 01:15:00,2019-02-10 01:30:00,None
9621,2019-03-10 01:15:00,2019-03-10 01:30:00,136.92
9717,2019-04-10 01:15:00,2019-04-10 01:30:00,None
9813,2019-05-10 01:15:00,2019-05-10 01:30:00,145.91
9909,2019-06-10 01:15:00,2019-06-10 01:30:00,163.02
10005,2019-07-10 01:15:00,2019-07-10 01:30:00,None
10101,2019-08-10 01:15:00,2019-08-10 01:30:00,None
10197,2019-09-10 01:15:00,2019-09-10 01:30:00,131.29
10293,2019-10-10 01:15:00,2019-10-10 01:30:00,148.34
10389,2019-11-10 01:15:00,2019-11-10 01:30:00,None
10485,2019-12-10 01:15:00,2019-12-10 01:30:00,None
10581,2019-10-13 01:15:00,2019-10-13 01:30:00,None
10677,2019-10-14 01:15:00,2019-10-14 01:30:00,None
10773,2019-10-15 01:15:00,2019-10-15 01:30:00,None
10869,2019-10-16 01:15:00,2019-10-16 01:30:00,None
10965,2019-10-17 01:15:00,2019-10-17 01:30:00,None
11061,2019-10-18 01:15:00,2019-10-18 01:30:00,None
11157,2019-10-19 01:15:00,2019-10-19 01:30:00,None
11253,2019-10-20 01:15:00,2019-10-20 01:30:00,None
11349,2019-10-21 01:15:00,2019-10-21 01:30:00,None
11445,2019-10-22 01:15:00,2019-10-22 01:30:00,None
11541,2019-10-23 01:15:00,2019-10-23 01:30:00,None
11637,2019-10-24 01:15:00,2019-10-24 01:30:00,None
11733,2019-10-25 01:15:00,2019-10-25 01:30:00,73.31
11829,2019-10-26 01:15:00,2019-10-26 01:30:00,None
11925,2019-10-27 01:15:00,2019-10-27 01:30:00,None
12021,2019-10-28 01:15:00,2019-10-28 01:30:00,151.46
12117,2019-10-29 01:15:00,2019-10-29 01:30:00,None
12213,2019-10-30 01:15:00,2019-10-30 01:30:00,None
12309,2019-10-31 01:15:00,2019-10-31 01:30:00,None
12405,2019-01-11 01:15:00,2019-01-11 01:30:00,None
12501,2019-02-11 01:15:00,2019-02-11 01:30:00,118.32
12597,2019-03-11 01:15:00,2019-03-11 01:30:00,125.63
12693,2019-04-11 01:15:00,2019-04-11 01:30:00,None
12789,2019-05-11 01:15:00,2019-05-11 01:30:00,77.24
12885,2019-06-11 01:15:00,2019-06-11 01:30:00,None
12981,2019-07-11 01:15:00,2019-07-11 01:30:00,None
13077,2019-08-11 01:15:00,2019-08-11 01:30:00,None
13173,2019-09-11 01:15:00,2019-09-11 01:30:00,None
13269,2019-10-11 01:15:00,2019-10-11 01:30:00,None
13365,2019-11-11 01:15:00,2019-11-11 01:30:00,None
13461,2019-12-11 01:15:00,2019-12-11 01:30:00,None
13557,2019-11-13 01:15:00,2019-11-13 01:30:00,None
13653,2019-11-14 01:15:00,2019-11-14 01:30:00,None
13749,2019-11-15 01:15:00,2019-11-15 01:30:00,None
13845,2019-11-16 01:15:00,2019-11-16 01:30:00,182.06
13941,2019-11-17 01:15:00,2019-11-17 01:30:00,None
14037,2019-11-18 01:15:00,2019-11-18 01:30:00,162.07
14133,2019-11-19 01:15:00,2019-11-19 01:30:00,148.32
14229,2019-11-20 01:15:00,2019-11-20 01:30:00,179.84
14325,2019-11-21 01:15:00,2019-11-21 01:30:00,187.57
14421,2019-11-22 01:15:00,2019-11-22 01:30:00,None
14517,2019-11-23 01:15:00,2019-11-23 01:30:00,118.11
14613,2019-11-24 01:15:00,2019-11-24 01:30:00,178.32
14709,2019-11-25 01:15:00,2019-11-25 01:30:00,104.8
14805,2019-11-26 01:15:00,2019-11-26 01:30:00,122.56
14901,2019-11-27 01:15:00,2019-11-27 01:30:00,170.54
14997,2019-11-28 01:15:00,2019-11-28 01:30:00,None
15093,2019-11-29 01:15:00,2019-11-29 01:30:00,None
15189,2019-11-30 01:15:00,2019-11-30 01:30:00,None
15285,2019-01-12 01:15:00,2019-01-12 01:30:00,167.84
15381,2019-02-12 01:15:00,2019-02-12 01:30:00,181.99
15477,2019-03-12 01:15:00,2019-03-12 01:30:00,103.67
15573,2019-04-12 01:15:00,2019-04-12 01:30:00,110.62
15669,2019-05-12 01:15:00,2019-05-12 01:30:00,None
15765,2019-06-12 01:15:00,2019-06-12 01:30:00,23.55
15861,2019-07-12 01:15:00,2019-07-12 01:30:00,53.68
15957,2019-08-12 01:15:00,2019-08-12 01:30:00,20.78
16053,2019-09-12 01:15:00,2019-09-12 01:30:00,14.8
16149,2019-10-12 01:15:00,2019-10-12 01:30:00,15.88
16245,2019-11-12 01:15:00,2019-11-12 01:30:00,73.52
16341,2019-12-12 01:15:00,2019-12-12 01:30:00,65.4
16437,2019-12-13 01:15:00,2019-12-13 01:30:00,19.62
16533,2019-12-14 01:15:00,2019-12-14 01:30:00,20.33
16629,2019-12-15 01:15:00,2019-12-15 01:30:00,60.73
16725,2019-12-16 01:15:00,2019-12-16 01:30:00,9.43
16821,2019-12-17 01:15:00,2019-12-17 01:30:00,18.44
16917,2019-12-18 01:15:00,2019-12-18 01:30:00,18.18
17013,2019-12-19 01:15:00,2019-12-19 01:30:00,23.32
17109,2019-12-20 01:15:00,2019-12-20 01:30:00,33.06
17205,2019-12-21 01:15:00,2019-12-21 01:30:00,None
17301,2019-12-22 01:15:00,2019-12-22 01:30:00,57.01
17397,2019-12-23 01:15:00,2019-12-23 01:30:00,29.82
17493,2019-12-24 01:15:00,2019-12-24 01:30:00,71.87
17589,2019-12-25 01:15:00,2019-12-25 01:30:00,185.76
17685,2019-12-26 01:15:00,2019-12-26 01:30:00,114.42
17781,2019-12-27 01:15:00,2019-12-27 01:30:00,58.19
17877,2019-12-28 01:15:00,2019-12-28 01:30:00,82.66
17973,2019-12-29 01:15:00,2019-12-29 01:30:00,50.33
18069,2019-12-30 01:15:00,2019-12-30 01:30:00,108.83
18165,2019-12-31 01:15:00,2019-12-31 01:30:00,186.07
18261,2020-01-01 01:15:00,2020-01-01 01:30:00,44.54
18357,2020-02-01 01:15:00,2020-02-01 01:30:00,23.21
18453,2020-03-01 01:15:00,2020-03-01 01:30:00,30.13
18549,2020-04-01 01:15:00,2020-04-01 01:30:00,53.29
18645,2020-05-01 01:15:00,2020-05-01 01:30:00,None
18741,2020-06-01 01:15:00,2020-06-01 01:30:00,19.62
18837,2020-07-01 01:15:00,2020-07-01 01:30:00,12.34
18933,2020-08-01 01:15:00,2020-08-01 01:30:00,31.34
19029,2020-09-01 01:15:00,2020-09-01 01:30:00,None
19125,2020-10-01 01:15:00,2020-10-01 01:30:00,28.22
19221,2020-11-01 01:15:00,2020-11-01 01:30:00,32.7
19317,2020-12-01 01:15:00,2020-12-01 01:30:00,40.32
19413,2020-01-13 01:15:00,2020-01-13 01:30:00,37.47
19509,2020-01-14 01:15:00,2020-01-14 01:30:00,None
19605,2020-01-15 01:15:00,2020-01-15 01:30:00,16.56
19701,2020-01-16 01:15:00,2020-01-16 01:30:00,13.83
19797,2020-01-17 01:15:00,2020-01-17 01:30:00,11.5
19893,2020-01-18 01:15:00,2020-01-18 01:30:00,49.1
19989,2020-01-19 01:15:00,2020-01-19 01:30:00,90.1
20085,2020-01-20 01:15:00,2020-01-20 01:30:00,8.88
20181,2020-01-21 01:15:00,2020-01-21 01:30:00,123.27
20277,2020-01-22 01:15:00,2020-01-22 01:30:00,None
20373,2020-01-23 01:15:00,2020-01-23 01:30:00,None
20469,2020-01-24 01:15:00,2020-01-24 01:30:00,None
20565,2020-01-25 01:15:00,2020-01-25 01:30:00,None
20661,2020-01-26 01:15:00,2020-01-26 01:30:00,None
20757,2020-01-27 01:15:00,2020-01-27 01:30:00,None
20853,2020-01-28 01:15:00,2020-01-28 01:30:00,None
20949,2020-01-29 01:15:00,2020-01-29 01:30:00,None
21045,2020-01-30 01:15:00,2020-01-30 01:30:00,151.78
21141,2020-01-31 01:15:00,2020-01-31 01:30:00,None
21237,2020-01-02 01:15:00,2020-01-02 01:30:00,None
21333,2020-02-02 01:15:00,2020-02-02 01:30:00,22.3
21429,2020-03-02 01:15:00,2020-03-02 01:30:00,21.82
21525,2020-04-02 01:15:00,2020-04-02 01:30:00,84.63
21621,2020-05-02 01:15:00,2020-05-02 01:30:00,140.56
21717,2020-06-02 01:15:00,2020-06-02 01:30:00,38.65
21813,2020-07-02 01:15:00,2020-07-02 01:30:00,16.53
21909,2020-08-02 01:15:00,2020-08-02 01:30:00,47.55
22005,2020-09-02 01:15:00,2020-09-02 01:30:00,30.65
22101,2020-10-02 01:15:00,2020-10-02 01:30:00,29
22197,2020-11-02 01:15:00,2020-11-02 01:30:00,48.99
22293,2020-12-02 01:15:00,2020-12-02 01:30:00,85.12
22389,2020-02-13 01:15:00,2020-02-13 01:30:00,61.26
22485,2020-02-14 01:15:00,2020-02-14 01:30:00,61.02
22581,2020-02-15 01:15:00,2020-02-15 01:30:00,32.28
22677,2020-02-16 01:15:00,2020-02-16 01:30:00,75.33
22773,2020-02-17 01:15:00,2020-02-17 01:30:00,33.3
22869,2020-02-18 01:15:00,2020-02-18 01:30:00,96.18
22965,2020-02-19 01:15:00,2020-02-19 01:30:00,68.91
23061,2020-02-20 01:15:00,2020-02-20 01:30:00,None
23157,2020-02-21 01:15:00,2020-02-21 01:30:00,None
23253,2020-02-22 01:15:00,2020-02-22 01:30:00,85.49
23349,2020-02-23 01:15:00,2020-02-23 01:30:00,42.1
23445,2020-02-24 01:15:00,2020-02-24 01:30:00,None
23541,2020-02-25 01:15:00,2020-02-25 01:30:00,98.12
23637,2020-02-26 01:15:00,2020-02-26 01:30:00,None
23733,2020-02-27 01:15:00,2020-02-27 01:30:00,None
23829,2020-02-28 01:15:00,2020-02-28 01:30:00,24.76
23925,2020-02-29 01:15:00,2020-02-29 01:30:00,117.9
24021,2020-01-03 01:15:00,2020-01-03 01:30:00,193.78
24117,2020-02-03 01:15:00,2020-02-03 01:30:00,70.4
24213,2020-03-03 01:15:00,2020-03-03 01:30:00,None
24309,2020-04-03 01:15:00,2020-04-03 01:30:00,199.59
24405,2020-05-03 01:15:00,2020-05-03 01:30:00,None
24501,2020-06-03 01:15:00,2020-06-03 01:30:00,None
24597,2020-07-03 01:15:00,2020-07-03 01:30:00,None
24693,2020-08-03 01:15:00,2020-08-03 01:30:00,None
24789,2020-09-03 01:15:00,2020-09-03 01:30:00,71.84
24885,2020-10-03 01:15:00,2020-10-03 01:30:00,57.54
24981,2020-11-03 01:15:00,2020-11-03 01:30:00,4.17
25077,2020-12-03 01:15:00,2020-12-03 01:30:00,36.68
25173,2020-03-13 01:15:00,2020-03-13 01:30:00,57.56
25269,2020-03-14 01:15:00,2020-03-14 01:30:00,167.26
25365,2020-03-15 01:15:00,2020-03-15 01:30:00,56.2
25461,2020-03-16 01:15:00,2020-03-16 01:30:00,32.17
25557,2020-03-17 01:15:00,2020-03-17 01:30:00,57.25
25653,2020-03-18 01:15:00,2020-03-18 01:30:00,84.84
25749,2020-03-19 01:15:00,2020-03-19 01:30:00,None
25845,2020-03-20 01:15:00,2020-03-20 01:30:00,None
25941,2020-03-21 01:15:00,2020-03-21 01:30:00,None
26037,2020-03-22 01:15:00,2020-03-22 01:30:00,132.02
26133,2020-03-23 01:15:00,2020-03-23 01:30:00,51.67
26229,2020-03-24 01:15:00,2020-03-24 01:30:00,72.86
26325,2020-03-25 01:15:00,2020-03-25 01:30:00,39.72
26421,2020-03-26 01:15:00,2020-03-26 01:30:00,38.91
26517,2020-03-27 01:15:00,2020-03-27 01:30:00,16.93
26613,2020-03-28 01:15:00,2020-03-28 01:30:00,14.65
26709,2020-03-29 01:15:00,2020-03-29 01:30:00,20.65
26805,2020-03-30 01:15:00,2020-03-30 01:30:00,4.95
26901,2020-03-31 01:15:00,2020-03-31 01:30:00,105.61
26997,2020-01-04 01:15:00,2020-01-04 01:30:00,27.56
27093,2020-02-04 01:15:00,2020-02-04 01:30:00,None
27189,2020-03-04 01:15:00,2020-03-04 01:30:00,50.07
27285,2020-04-04 01:15:00,2020-04-04 01:30:00,70.84
27381,2020-05-04 01:15:00,2020-05-04 01:30:00,56.12
27477,2020-06-04 01:15:00,2020-06-04 01:30:00,None
27573,2020-07-04 01:15:00,2020-07-04 01:30:00,98.91
27669,2020-08-04 01:15:00,2020-08-04 01:30:00,35.84
27765,2020-09-04 01:15:00,2020-09-04 01:30:00,None
27861,2020-10-04 01:15:00,2020-10-04 01:30:00,68.22
27957,2020-11-04 01:15:00,2020-11-04 01:30:00,43.33
28053,2020-12-04 01:15:00,2020-12-04 01:30:00,14.49
28149,2020-04-13 01:15:00,2020-04-13 01:30:00,37.96
28245,2020-04-14 01:15:00,2020-04-14 01:30:00,32.23
28341,2020-04-15 01:15:00,2020-04-15 01:30:00,None
28437,2020-04-16 01:15:00,2020-04-16 01:30:00,None
28533,2020-04-17 01:15:00,2020-04-17 01:30:00,23.19
28629,2020-04-18 01:15:00,2020-04-18 01:30:00,37.91
28725,2020-04-19 01:15:00,2020-04-19 01:30:00,84.86
28821,2020-04-20 01:15:00,2020-04-20 01:30:00,31.52
28917,2020-04-21 01:15:00,2020-04-21 01:30:00,None
29013,2020-04-22 01:15:00,2020-04-22 01:30:00,64.79
29109,2020-04-23 01:15:00,2020-04-23 01:30:00,28.69
29205,2020-04-24 01:15:00,2020-04-24 01:30:00,None
29301,2020-04-25 01:15:00,2020-04-25 01:30:00,17.63
29397,2020-04-26 01:15:00,2020-04-26 01:30:00,2.78
29493,2020-04-27 01:15:00,2020-04-27 01:30:00,19.23
29589,2020-04-28 01:15:00,2020-04-28 01:30:00,15.04
29685,2020-04-29 01:15:00,2020-04-29 01:30:00,2.38
29781,2020-04-30 01:15:00,2020-04-30 01:30:00,None
29877,2020-01-05 01:15:00,2020-01-05 01:30:00,97.52
29973,2020-02-05 01:15:00,2020-02-05 01:30:00,1.1
30069,2020-03-05 01:15:00,2020-03-05 01:30:00,None
30165,2020-04-05 01:15:00,2020-04-05 01:30:00,41.45
30261,2020-05-05 01:15:00,2020-05-05 01:30:00,None
30357,2020-06-05 01:15:00,2020-06-05 01:30:00,None
30453,2020-07-05 01:15:00,2020-07-05 01:30:00,None
30549,2020-08-05 01:15:00,2020-08-05 01:30:00,None
30645,2020-09-05 01:15:00,2020-09-05 01:30:00,None
30741,2020-10-05 01:15:00,2020-10-05 01:30:00,None
30837,2020-11-05 01:15:00,2020-11-05 01:30:00,None
30933,2020-12-05 01:15:00,2020-12-05 01:30:00,None
31029,2020-05-13 01:15:00,2020-05-13 01:30:00,None
31125,2020-05-14 01:15:00,2020-05-14 01:30:00,None
31221,2020-05-15 01:15:00,2020-05-15 01:30:00,None
31317,2020-05-16 01:15:00,2020-05-16 01:30:00,None
31413,2020-05-17 01:15:00,2020-05-17 01:30:00,None
31509,2020-05-18 01:15:00,2020-05-18 01:30:00,None
31605,2020-05-19 01:15:00,2020-05-19 01:30:00,None
31701,2020-05-20 01:15:00,2020-05-20 01:30:00,None
31797,2020-05-21 01:15:00,2020-05-21 01:30:00,None
31893,2020-05-22 01:15:00,2020-05-22 01:30:00,None
31989,2020-05-23 01:15:00,2020-05-23 01:30:00,None
32085,2020-05-24 01:15:00,2020-05-24 01:30:00,None
32181,2020-05-25 01:15:00,2020-05-25 01:30:00,None
32277,2020-05-26 01:15:00,2020-05-26 01:30:00,None
32373,2020-05-27 01:15:00,2020-05-27 01:30:00,None
32469,2020-05-28 01:15:00,2020-05-28 01:30:00,None
32565,2020-05-29 01:15:00,2020-05-29 01:30:00,None
32661,2020-05-30 01:15:00,2020-05-30 01:30:00,None
32757,2020-05-31 01:15:00,2020-05-31 01:30:00,None
32853,2020-01-06 01:15:00,2020-01-06 01:30:00,None
32949,2020-02-06 01:15:00,2020-02-06 01:30:00,None
33045,2020-03-06 01:15:00,2020-03-06 01:30:00,10.98
33141,2020-04-06 01:15:00,2020-04-06 01:30:00,4.38
33237,2020-05-06 01:15:00,2020-05-06 01:30:00,4.38
33333,2020-06-06 01:15:00,2020-06-06 01:30:00,17.74
33429,2020-07-06 01:15:00,2020-07-06 01:30:00,41.11
33525,2020-08-06 01:15:00,2020-08-06 01:30:00,4.38
33621,2020-09-06 01:15:00,2020-09-06 01:30:00,4.38
33717,2020-10-06 01:15:00,2020-10-06 01:30:00,53.16
33813,2020-11-06 01:15:00,2020-11-06 01:30:00,5.08
33909,2020-12-06 01:15:00,2020-12-06 01:30:00,4.38
34005,2020-06-13 01:15:00,2020-06-13 01:30:00,32.62
34101,2020-06-14 01:15:00,2020-06-14 01:30:00,4.38
34197,2020-06-15 01:15:00,2020-06-15 01:30:00,4.43
34293,2020-06-16 01:15:00,2020-06-16 01:30:00,15.17
34389,2020-06-17 01:15:00,2020-06-17 01:30:00,4.43
34485,2020-06-18 01:15:00,2020-06-18 01:30:00,None
34581,2020-06-19 01:15:00,2020-06-19 01:30:00,13.02
34677,2020-06-20 01:15:00,2020-06-20 01:30:00,18.16
34773,2020-06-21 01:15:00,2020-06-21 01:30:00,18.76
34869,2020-06-22 01:15:00,2020-06-22 01:30:00,14.12
34965,2020-06-23 01:15:00,2020-06-23 01:30:00,4.38
35061,2020-06-24 01:15:00,2020-06-24 01:30:00,13.1
35157,2020-06-25 01:15:00,2020-06-25 01:30:00,11.79
35253,2020-06-26 01:15:00,2020-06-26 01:30:00,10.03
35349,2020-06-27 01:15:00,2020-06-27 01:30:00,None
35445,2020-06-28 01:15:00,2020-06-28 01:30:00,18.63
35541,2020-06-29 01:15:00,2020-06-29 01:30:00,9.56
35637,2020-06-30 01:15:00,2020-06-30 01:30:00,14.88
35733,2020-01-07 01:15:00,2020-01-07 01:30:00,14.88
35829,2020-02-07 01:15:00,2020-02-07 01:30:00,28.56
35925,2020-03-07 01:15:00,2020-03-07 01:30:00,15.54
36021,2020-04-07 01:15:00,2020-04-07 01:30:00,21.8
36117,2020-05-07 01:15:00,2020-05-07 01:30:00,9.38
36213,2020-06-07 01:15:00,2020-06-07 01:30:00,16.43
36309,2020-07-07 01:15:00,2020-07-07 01:30:00,14.49
36405,2020-08-07 01:15:00,2020-08-07 01:30:00,17.79
36501,2020-09-07 01:15:00,2020-09-07 01:30:00,17.58
36597,2020-10-07 01:15:00,2020-10-07 01:30:00,16.4
36693,2020-11-07 01:15:00,2020-11-07 01:30:00,22.27
36789,2020-12-07 01:15:00,2020-12-07 01:30:00,20.44
36885,2020-07-13 01:15:00,2020-07-13 01:30:00,19.26
36981,2020-07-14 01:15:00,2020-07-14 01:30:00,15.93
37077,2020-07-15 01:15:00,2020-07-15 01:30:00,19.96
37173,2020-07-16 01:15:00,2020-07-16 01:30:00,8.46
37269,2020-07-17 01:15:00,2020-07-17 01:30:00,21.9
37365,2020-07-18 01:15:00,2020-07-18 01:30:00,18.47
37461,2020-07-19 01:15:00,2020-07-19 01:30:00,22.98
37557,2020-07-20 01:15:00,2020-07-20 01:30:00,5.74
37653,2020-07-21 01:15:00,2020-07-21 01:30:00,29.45
37749,2020-07-22 01:15:00,2020-07-22 01:30:00,20.93
37845,2020-07-23 01:15:00,2020-07-23 01:30:00,21.3
37941,2020-07-24 01:15:00,2020-07-24 01:30:00,10.48
38037,2020-07-25 01:15:00,2020-07-25 01:30:00,11.84
38133,2020-07-26 01:15:00,2020-07-26 01:30:00,15.96
38229,2020-07-27 01:15:00,2020-07-27 01:30:00,0.05
38325,2020-07-28 01:15:00,2020-07-28 01:30:00,None
38421,2020-07-29 01:15:00,2020-07-29 01:30:00,25.31
38517,2020-07-30 01:15:00,2020-07-30 01:30:00,9.98
38613,2020-07-31 01:15:00,2020-07-31 01:30:00,10.66
38709,2020-01-08 01:15:00,2020-01-08 01:30:00,4.11
38805,2020-02-08 01:15:00,2020-02-08 01:30:00,25.36
38901,2020-03-08 01:15:00,2020-03-08 01:30:00,16.56
38997,2020-04-08 01:15:00,2020-04-08 01:30:00,7.41
39093,2020-05-08 01:15:00,2020-05-08 01:30:00,20.07
39189,2020-06-08 01:15:00,2020-06-08 01:30:00,11.97
39285,2020-07-08 01:15:00,2020-07-08 01:30:00,7.57
39381,2020-08-08 01:15:00,2020-08-08 01:30:00,5.08
39477,2020-09-08 01:15:00,2020-09-08 01:30:00,12
39573,2020-10-08 01:15:00,2020-10-08 01:30:00,22.43
39669,2020-11-08 01:15:00,2020-11-08 01:30:00,20.54
39765,2020-12-08 01:15:00,2020-12-08 01:30:00,15.14
39861,2020-08-13 01:15:00,2020-08-13 01:30:00,14.28
39957,2020-08-14 01:15:00,2020-08-14 01:30:00,12.81
40053,2020-08-15 01:15:00,2020-08-15 01:30:00,22.77
40149,2020-08-16 01:15:00,2020-08-16 01:30:00,18.03
40245,2020-08-17 01:15:00,2020-08-17 01:30:00,None
40341,2020-08-18 01:15:00,2020-08-18 01:30:00,10.53
40437,2020-08-19 01:15:00,2020-08-19 01:30:00,7.31
40533,2020-08-20 01:15:00,2020-08-20 01:30:00,3.75
40629,2020-08-21 01:15:00,2020-08-21 01:30:00,3.93
40725,2020-08-22 01:15:00,2020-08-22 01:30:00,33.33
40821,2020-08-23 01:15:00,2020-08-23 01:30:00,5.97
40917,2020-08-24 01:15:00,2020-08-24 01:30:00,9.48
41013,2020-08-25 01:15:00,2020-08-25 01:30:00,6.16
41109,2020-08-26 01:15:00,2020-08-26 01:30:00,7.83
41205,2020-08-27 01:15:00,2020-08-27 01:30:00,3.75
41301,2020-08-28 01:15:00,2020-08-28 01:30:00,3.75
41397,2020-08-29 01:15:00,2020-08-29 01:30:00,3.75
41493,2020-08-30 01:15:00,2020-08-30 01:30:00,6.6
41589,2020-08-31 01:15:00,2020-08-31 01:30:00,3.72
41685,2020-01-09 01:15:00,2020-01-09 01:30:00,10.87
41781,2020-02-09 01:15:00,2020-02-09 01:30:00,3.14
41877,2020-03-09 01:15:00,2020-03-09 01:30:00,2.33
41973,2020-04-09 01:15:00,2020-04-09 01:30:00,None
42069,2020-05-09 01:15:00,2020-05-09 01:30:00,10.51
42165,2020-06-09 01:15:00,2020-06-09 01:30:00,3.85
42261,2020-07-09 01:15:00,2020-07-09 01:30:00,3.85
42357,2020-08-09 01:15:00,2020-08-09 01:30:00,None
42453,2020-09-09 01:15:00,2020-09-09 01:30:00,17.27
42549,2020-10-09 01:15:00,2020-10-09 01:30:00,26.41
42645,2020-11-09 01:15:00,2020-11-09 01:30:00,3.85
42741,2020-12-09 01:15:00,2020-12-09 01:30:00,10.74
42837,2020-09-13 01:15:00,2020-09-13 01:30:00,3.85
42933,2020-09-14 01:15:00,2020-09-14 01:30:00,56.83
43029,2020-09-15 01:15:00,2020-09-15 01:30:00,5.79
43125,2020-09-16 01:15:00,2020-09-16 01:30:00,3.85
43221,2020-09-17 01:15:00,2020-09-17 01:30:00,3.85
43317,2020-09-18 01:15:00,2020-09-18 01:30:00,None
43413,2020-09-19 01:15:00,2020-09-19 01:30:00,14.67
43509,2020-09-20 01:15:00,2020-09-20 01:30:00,3.85
43605,2020-09-21 01:15:00,2020-09-21 01:30:00,3.85
43701,2020-09-22 01:15:00,2020-09-22 01:30:00,22.45
43797,2020-09-23 01:15:00,2020-09-23 01:30:00,6.37
43893,2020-09-24 01:15:00,2020-09-24 01:30:00,3.46
43989,2020-09-25 01:15:00,2020-09-25 01:30:00,4.14
44085,2020-09-26 01:15:00,2020-09-26 01:30:00,26.54
44181,2020-09-27 01:15:00,2020-09-27 01:30:00,18.21
44277,2020-09-28 01:15:00,2020-09-28 01:30:00,29.29
44373,2020-09-29 01:15:00,2020-09-29 01:30:00,None
44469,2020-09-30 01:15:00,2020-09-30 01:30:00,34.3
44565,2020-01-10 01:15:00,2020-01-10 01:30:00,27.8
44661,2020-02-10 01:15:00,2020-02-10 01:30:00,23.61
44757,2020-03-10 01:15:00,2020-03-10 01:30:00,8.38
44853,2020-04-10 01:15:00,2020-04-10 01:30:00,10.56
44949,2020-05-10 01:15:00,2020-05-10 01:30:00,27.25
45045,2020-06-10 01:15:00,2020-06-10 01:30:00,3.46
45141,2020-07-10 01:15:00,2020-07-10 01:30:00,17.92
45237,2020-08-10 01:15:00,2020-08-10 01:30:00,35.74
45333,2020-09-10 01:15:00,2020-09-10 01:30:00,24.97
45429,2020-10-10 01:15:00,2020-10-10 01:30:00,32.38
45525,2020-11-10 01:15:00,2020-11-10 01:30:00,38.91
45621,2020-12-10 01:15:00,2020-12-10 01:30:00,25.23
45717,2020-10-13 01:15:00,2020-10-13 01:30:00,14.86
45813,2020-10-14 01:15:00,2020-10-14 01:30:00,53.71
45909,2020-10-15 01:15:00,2020-10-15 01:30:00,32.93
46005,2020-10-16 01:15:00,2020-10-16 01:30:00,33.43
46101,2020-10-17 01:15:00,2020-10-17 01:30:00,41.37
46197,2020-10-18 01:15:00,2020-10-18 01:30:00,108.78
46293,2020-10-19 01:15:00,2020-10-19 01:30:00,31.91
46389,2020-10-20 01:15:00,2020-10-20 01:30:00,None
46485,2020-10-21 01:15:00,2020-10-21 01:30:00,26.86
46581,2020-10-22 01:15:00,2020-10-22 01:30:00,26.99
46677,2020-10-23 01:15:00,2020-10-23 01:30:00,13.65
46773,2020-10-24 01:15:00,2020-10-24 01:30:00,None
46869,2020-10-25 01:15:00,2020-10-25 01:30:00,116.85
46965,2020-10-26 01:15:00,2020-10-26 01:30:00,2.7
47061,2020-10-27 01:15:00,2020-10-27 01:30:00,19.28
47157,2020-10-28 01:15:00,2020-10-28 01:30:00,16.51
47253,2020-10-29 01:15:00,2020-10-29 01:30:00,57.46
47349,2020-10-30 01:15:00,2020-10-30 01:30:00,63.14
47445,2020-10-31 01:15:00,2020-10-31 01:30:00,82.03
47541,2020-01-11 01:15:00,2020-01-11 01:30:00,37.44
47637,2020-02-11 01:15:00,2020-02-11 01:30:00,47.68
47733,2020-03-11 01:15:00,2020-03-11 01:30:00,17.11
47829,2020-04-11 01:15:00,2020-04-11 01:30:00,2.62
47925,2020-05-11 01:15:00,2020-05-11 01:30:00,42.44
48021,2020-06-11 01:15:00,2020-06-11 01:30:00,26.2
48117,2020-07-11 01:15:00,2020-07-11 01:30:00,99.87
48213,2020-08-11 01:15:00,2020-08-11 01:30:00,32.78
48309,2020-09-11 01:15:00,2020-09-11 01:30:00,24
48405,2020-10-11 01:15:00,2020-10-11 01:30:00,26.86
48501,2020-11-11 01:15:00,2020-11-11 01:30:00,39.09
48597,2020-12-11 01:15:00,2020-12-11 01:30:00,18.84
48693,2020-11-13 01:15:00,2020-11-13 01:30:00,29.11
48789,2020-11-14 01:15:00,2020-11-14 01:30:00,6.21
48885,2020-11-15 01:15:00,2020-11-15 01:30:00,17.61
48981,2020-11-16 01:15:00,2020-11-16 01:30:00,14.83
49077,2020-11-17 01:15:00,2020-11-17 01:30:00,28.01
49173,2020-11-18 01:15:00,2020-11-18 01:30:00,21.09
49269,2020-11-19 01:15:00,2020-11-19 01:30:00,49.05
49365,2020-11-20 01:15:00,2020-11-20 01:30:00,24.92
49461,2020-11-21 01:15:00,2020-11-21 01:30:00,3.77
49557,2020-11-22 01:15:00,2020-11-22 01:30:00,17.87
49653,2020-11-23 01:15:00,2020-11-23 01:30:00,4.82
49749,2020-11-24 01:15:00,2020-11-24 01:30:00,2.93
49845,2020-11-25 01:15:00,2020-11-25 01:30:00,15.09
49941,2020-11-26 01:15:00,2020-11-26 01:30:00,26.46
50037,2020-11-27 01:15:00,2020-11-27 01:30:00,21.59
50133,2020-11-28 01:15:00,2020-11-28 01:30:00,6.03
50229,2020-11-29 01:15:00,2020-11-29 01:30:00,18.18
50325,2020-11-30 01:15:00,2020-11-30 01:30:00,34.92
50421,2020-01-12 01:15:00,2020-01-12 01:30:00,36.18
50517,2020-02-12 01:15:00,2020-02-12 01:30:00,13.44
50613,2020-03-12 01:15:00,2020-03-12 01:30:00,17.32
50709,2020-04-12 01:15:00,2020-04-12 01:30:00,45.9
50805,2020-05-12 01:15:00,2020-05-12 01:30:00,17.08
50901,2020-06-12 01:15:00,2020-06-12 01:30:00,20.28
50997,2020-07-12 01:15:00,2020-07-12 01:30:00,15.88
51093,2020-08-12 01:15:00,2020-08-12 01:30:00,34.45
51189,2020-09-12 01:15:00,2020-09-12 01:30:00,34.72
51285,2020-10-12 01:15:00,2020-10-12 01:30:00,11.48
51381,2020-11-12 01:15:00,2020-11-12 01:30:00,32.8
51477,2020-12-12 01:15:00,2020-12-12 01:30:00,17.03
51573,2020-12-13 01:15:00,2020-12-13 01:30:00,15.12
51669,2020-12-14 01:15:00,2020-12-14 01:30:00,13.62
51765,2020-12-15 01:15:00,2020-12-15 01:30:00,20.83
51861,2020-12-16 01:15:00,2020-12-16 01:30:00,24.65
51957,2020-12-17 01:15:00,2020-12-17 01:30:00,6.05
52053,2020-12-18 01:15:00,2020-12-18 01:30:00,17.82
52149,2020-12-19 01:15:00,2020-12-19 01:30:00,5.71
52245,2020-12-20 01:15:00,2020-12-20 01:30:00,58.45
52341,2020-12-21 01:15:00,2020-12-21 01:30:00,38.93
52437,2020-12-22 01:15:00,2020-12-22 01:30:00,18.05
52533,2020-12-23 01:15:00,2020-12-23 01:30:00,15.25
52629,2020-12-24 01:15:00,2020-12-24 01:30:00,18.44
52725,2020-12-25 01:15:00,2020-12-25 01:30:00,18.58
52821,2020-12-26 01:15:00,2020-12-26 01:30:00,18.13
52917,2020-12-27 01:15:00,2020-12-27 01:30:00,8.78
53013,2020-12-28 01:15:00,2020-12-28 01:30:00,12.29
53109,2020-12-29 01:15:00,2020-12-29 01:30:00,10.56
53205,2020-12-30 01:15:00,2020-12-30 01:30:00,12.92
53301,2020-12-31 01:15:00,2020-12-31 01:30:00,3.3
53397,2021-01-01 01:15:00,2021-01-01 01:30:00,27.12
53493,2021-02-01 01:15:00,2021-02-01 01:30:00,4.03
53589,2021-03-01 01:15:00,2021-03-01 01:30:00,13.44
53685,2021-04-01 01:15:00,2021-04-01 01:30:00,19.26
53781,2021-05-01 01:15:00,2021-05-01 01:30:00,31.34
53877,2021-06-01 01:15:00,2021-06-01 01:30:00,3.3
53973,2021-07-01 01:15:00,2021-07-01 01:30:00,6.65
54069,2021-08-01 01:15:00,2021-08-01 01:30:00,9.54
54165,2021-09-01 01:15:00,2021-09-01 01:30:00,4.03
54261,2021-10-01 01:15:00,2021-10-01 01:30:00,20.12
54357,2021-11-01 01:15:00,2021-11-01 01:30:00,4.03
54453,2021-12-01 01:15:00,2021-12-01 01:30:00,4.03
54549,2021-01-13 01:15:00,2021-01-13 01:30:00,16.03
54645,2021-01-14 01:15:00,2021-01-14 01:30:00,6.37
54741,2021-01-15 01:15:00,2021-01-15 01:30:00,4.03
54837,2021-01-16 01:15:00,2021-01-16 01:30:00,6.73
54933,2021-01-17 01:15:00,2021-01-17 01:30:00,10.01
55029,2021-01-18 01:15:00,2021-01-18 01:30:00,13.07
55125,2021-01-19 01:15:00,2021-01-19 01:30:00,3.54
55221,2021-01-20 01:15:00,2021-01-20 01:30:00,19.13
55317,2021-01-21 01:15:00,2021-01-21 01:30:00,9.93
55413,2021-01-22 01:15:00,2021-01-22 01:30:00,34.61
55509,2021-01-23 01:15:00,2021-01-23 01:30:00,None
55605,2021-01-24 01:15:00,2021-01-24 01:30:00,11
55701,2021-01-25 01:15:00,2021-01-25 01:30:00,23.66
55797,2021-01-26 01:15:00,2021-01-26 01:30:00,19.89
55893,2021-01-27 01:15:00,2021-01-27 01:30:00,28.45
55989,2021-01-28 01:15:00,2021-01-28 01:30:00,23.29
56085,2021-01-29 01:15:00,2021-01-29 01:30:00,4.51
56181,2021-01-30 01:15:00,2021-01-30 01:30:00,20.86
56277,2021-01-31 01:15:00,2021-01-31 01:30:00,20.1
56373,2021-01-02 01:15:00,2021-01-02 01:30:00,13.86
56469,2021-02-02 01:15:00,2021-02-02 01:30:00,15.64
56565,2021-03-02 01:15:00,2021-03-02 01:30:00,83.45
56661,2021-04-02 01:15:00,2021-04-02 01:30:00,135.82
56757,2021-05-02 01:15:00,2021-05-02 01:30:00,36.89
56853,2021-06-02 01:15:00,2021-06-02 01:30:00,35.45
56949,2021-07-02 01:15:00,2021-07-02 01:30:00,49.07
57045,2021-08-02 01:15:00,2021-08-02 01:30:00,55.02
57141,2021-09-02 01:15:00,2021-09-02 01:30:00,None
57237,2021-10-02 01:15:00,2021-10-02 01:30:00,17.4
57333,2021-11-02 01:15:00,2021-11-02 01:30:00,27.38
57429,2021-12-02 01:15:00,2021-12-02 01:30:00,103.94
57525,2021-02-13 01:15:00,2021-02-13 01:30:00,33.88
57621,2021-02-14 01:15:00,2021-02-14 01:30:00,28.74
57717,2021-02-15 01:15:00,2021-02-15 01:30:00,32.09
57813,2021-02-16 01:15:00,2021-02-16 01:30:00,6.45
57909,2021-02-17 01:15:00,2021-02-17 01:30:00,5.58
58005,2021-02-18 01:15:00,2021-02-18 01:30:00,15.62
58101,2021-02-19 01:15:00,2021-02-19 01:30:00,39.35
58197,2021-02-20 01:15:00,2021-02-20 01:30:00,5.55
58293,2021-02-21 01:15:00,2021-02-21 01:30:00,34.09
58389,2021-02-22 01:15:00,2021-02-22 01:30:00,58.53
58485,2021-02-23 01:15:00,2021-02-23 01:30:00,15.93
58581,2021-02-24 01:15:00,2021-02-24 01:30:00,13.55
58677,2021-02-25 01:15:00,2021-02-25 01:30:00,33.38
58773,2021-02-26 01:15:00,2021-02-26 01:30:00,18.16
58869,2021-02-27 01:15:00,2021-02-27 01:30:00,36.55
58965,2021-02-28 01:15:00,2021-02-28 01:30:00,7.73
59061,2021-01-03 01:15:00,2021-01-03 01:30:00,11.74
59157,2021-02-03 01:15:00,2021-02-03 01:30:00,5.55
59253,2021-03-03 01:15:00,2021-03-03 01:30:00,5.55
59349,2021-04-03 01:15:00,2021-04-03 01:30:00,38.3
59445,2021-05-03 01:15:00,2021-05-03 01:30:00,14.57
59541,2021-06-03 01:15:00,2021-06-03 01:30:00,8.99
59637,2021-07-03 01:15:00,2021-07-03 01:30:00,44.33
59733,2021-08-03 01:15:00,2021-08-03 01:30:00,104.7
59829,2021-09-03 01:15:00,2021-09-03 01:30:00,72.81
59925,2021-10-03 01:15:00,2021-10-03 01:30:00,80.83
60021,2021-11-03 01:15:00,2021-11-03 01:30:00,23.79
60117,2021-12-03 01:15:00,2021-12-03 01:30:00,None
60213,2021-03-13 01:15:00,2021-03-13 01:30:00,24.84
60309,2021-03-14 01:15:00,2021-03-14 01:30:00,17.95
60405,2021-03-15 01:15:00,2021-03-15 01:30:00,20.62
60501,2021-03-16 01:15:00,2021-03-16 01:30:00,14.96
60597,2021-03-17 01:15:00,2021-03-17 01:30:00,46.87
60693,2021-03-18 01:15:00,2021-03-18 01:30:00,46.74
60789,2021-03-19 01:15:00,2021-03-19 01:30:00,69.51
60885,2021-03-20 01:15:00,2021-03-20 01:30:00,52.22
60981,2021-03-21 01:15:00,2021-03-21 01:30:00,182.56
61077,2021-03-22 01:15:00,2021-03-22 01:30:00,105.48
61173,2021-03-23 01:15:00,2021-03-23 01:30:00,None
61269,2021-03-24 01:15:00,2021-03-24 01:30:00,41.42
61365,2021-03-25 01:15:00,2021-03-25 01:30:00,14.65
61461,2021-03-26 01:15:00,2021-03-26 01:30:00,38.02
61557,2021-03-27 01:15:00,2021-03-27 01:30:00,31.18
61653,2021-03-28 01:15:00,2021-03-28 01:30:00,26.54
61749,2021-03-29 01:15:00,2021-03-29 01:30:00,6.42
61845,2021-03-30 01:15:00,2021-03-30 01:30:00,21.48
61941,2021-03-31 01:15:00,2021-03-31 01:30:00,80.41
62037,2021-01-04 01:15:00,2021-01-04 01:30:00,None
62133,2021-02-04 01:15:00,2021-02-04 01:30:00,None
62229,2021-03-04 01:15:00,2021-03-04 01:30:00,166.87
62325,2021-04-04 01:15:00,2021-04-04 01:30:00,30.52
62421,2021-05-04 01:15:00,2021-05-04 01:30:00,8.52
62517,2021-06-04 01:15:00,2021-06-04 01:30:00,46.4
62613,2021-07-04 01:15:00,2021-07-04 01:30:00,21.56
62709,2021-08-04 01:15:00,2021-08-04 01:30:00,8.52
62805,2021-09-04 01:15:00,2021-09-04 01:30:00,71.71
62901,2021-10-04 01:15:00,2021-10-04 01:30:00,136.69
62997,2021-11-04 01:15:00,2021-11-04 01:30:00,78.15
63093,2021-12-04 01:15:00,2021-12-04 01:30:00,57.38
63189,2021-04-13 01:15:00,2021-04-13 01:30:00,8.52
63285,2021-04-14 01:15:00,2021-04-14 01:30:00,8.52
63381,2021-04-15 01:15:00,2021-04-15 01:30:00,108.73
63477,2021-04-16 01:15:00,2021-04-16 01:30:00,42.81
63573,2021-04-17 01:15:00,2021-04-17 01:30:00,6.42
63669,2021-04-18 01:15:00,2021-04-18 01:30:00,19.96
63765,2021-04-19 01:15:00,2021-04-19 01:30:00,47.87
63861,2021-04-20 01:15:00,2021-04-20 01:30:00,7.89
63957,2021-04-21 01:15:00,2021-04-21 01:30:00,52.27
64053,2021-04-22 01:15:00,2021-04-22 01:30:00,113.89
64149,2021-04-23 01:15:00,2021-04-23 01:30:00,72.99
64245,2021-04-24 01:15:00,2021-04-24 01:30:00,57.82
64341,2021-04-25 01:15:00,2021-04-25 01:30:00,74.96
64437,2021-04-26 01:15:00,2021-04-26 01:30:00,41.95
64533,2021-04-27 01:15:00,2021-04-27 01:30:00,17.37
64629,2021-04-28 01:15:00,2021-04-28 01:30:00,6.42
64725,2021-04-29 01:15:00,2021-04-29 01:30:00,39.51
64821,2021-04-30 01:15:00,2021-04-30 01:30:00,6.42
64917,2021-01-05 01:15:00,2021-01-05 01:30:00,36.13
65013,2021-02-05 01:15:00,2021-02-05 01:30:00,57.77
65109,2021-03-05 01:15:00,2021-03-05 01:30:00,8.52
65205,2021-04-05 01:15:00,2021-04-05 01:30:00,14.41
65301,2021-05-05 01:15:00,2021-05-05 01:30:00,85.12
65397,2021-06-05 01:15:00,2021-06-05 01:30:00,78.55
65493,2021-07-05 01:15:00,2021-07-05 01:30:00,8.52
65589,2021-08-05 01:15:00,2021-08-05 01:30:00,7.83
65685,2021-09-05 01:15:00,2021-09-05 01:30:00,64.64
65781,2021-10-05 01:15:00,2021-10-05 01:30:00,6.73
65877,2021-11-05 01:15:00,2021-11-05 01:30:00,8.23
65973,2021-12-05 01:15:00,2021-12-05 01:30:00,4.77
66069,2021-05-13 01:15:00,2021-05-13 01:30:00,38.25
66165,2021-05-14 01:15:00,2021-05-14 01:30:00,30.86
66261,2021-05-15 01:15:00,2021-05-15 01:30:00,3.56
66357,2021-05-16 01:15:00,2021-05-16 01:30:00,7.47
66453,2021-05-17 01:15:00,2021-05-17 01:30:00,8.86
66549,2021-05-18 01:15:00,2021-05-18 01:30:00,8.59
66645,2021-05-19 01:15:00,2021-05-19 01:30:00,25.86
66741,2021-05-20 01:15:00,2021-05-20 01:30:00,None
66837,2021-05-21 01:15:00,2021-05-21 01:30:00,18.5
66933,2021-05-22 01:15:00,2021-05-22 01:30:00,17.79
67029,2021-05-23 01:15:00,2021-05-23 01:30:00,6.42
67125,2021-05-24 01:15:00,2021-05-24 01:30:00,6.6
67221,2021-05-25 01:15:00,2021-05-25 01:30:00,36.23
67317,2021-05-26 01:15:00,2021-05-26 01:30:00,6.42
67413,2021-05-27 01:15:00,2021-05-27 01:30:00,6.42
67509,2021-05-28 01:15:00,2021-05-28 01:30:00,16.98
67605,2021-05-29 01:15:00,2021-05-29 01:30:00,11.24
67701,2021-05-30 01:15:00,2021-05-30 01:30:00,6.42
67797,2021-05-31 01:15:00,2021-05-31 01:30:00,51.01
67893,2021-01-06 01:15:00,2021-01-06 01:30:00,26.38
67989,2021-02-06 01:15:00,2021-02-06 01:30:00,39.27
68085,2021-03-06 01:15:00,2021-03-06 01:30:00,76.43
68181,2021-04-06 01:15:00,2021-04-06 01:30:00,6.42
68277,2021-05-06 01:15:00,2021-05-06 01:30:00,55.65
68373,2021-06-06 01:15:00,2021-06-06 01:30:00,6.42
68469,2021-07-06 01:15:00,2021-07-06 01:30:00,57.43
68565,2021-08-06 01:15:00,2021-08-06 01:30:00,6.42
68661,2021-09-06 01:15:00,2021-09-06 01:30:00,72.52
68757,2021-10-06 01:15:00,2021-10-06 01:30:00,6.42
68853,2021-11-06 01:15:00,2021-11-06 01:30:00,53.11
68949,2021-12-06 01:15:00,2021-12-06 01:30:00,67.96
69045,2021-06-13 01:15:00,2021-06-13 01:30:00,5.5
69141,2021-06-14 01:15:00,2021-06-14 01:30:00,25.23
69237,2021-06-15 01:15:00,2021-06-15 01:30:00,22.14
69333,2021-06-16 01:15:00,2021-06-16 01:30:00,76.06
69429,2021-06-17 01:15:00,2021-06-17 01:30:00,41.16
69525,2021-06-18 01:15:00,2021-06-18 01:30:00,None
69621,2021-06-19 01:15:00,2021-06-19 01:30:00,None
69717,2021-06-20 01:15:00,2021-06-20 01:30:00,13.1
69813,2021-06-21 01:15:00,2021-06-21 01:30:00,10.11
69909,2021-06-22 01:15:00,2021-06-22 01:30:00,16.3
70005,2021-06-23 01:15:00,2021-06-23 01:30:00,66.39
70101,2021-06-24 01:15:00,2021-06-24 01:30:00,39.22
70197,2021-06-25 01:15:00,2021-06-25 01:30:00,65.66
