fips,Poplulation,Trees,Oxygen
36061,20341926,6000,29.49573212
6037,19006706,1423.3,7.488409617
17031,10985712,1432.2,13.03693379
12086,8467896,1433.5,16.92864438
48113,7308785,1436.805,19.65860263
42101,5649300,1451.7,25.69698901
48201,6193908,1465.038,23.65288603
13121,6048051,1475,24.38802186
11001,5379184,1477.6,27.46885029
25025,4799653,1499.131,31.2341538
4013,6973732,1504.1,21.56807861
53033,5274465,1504.5,28.52421999
6075,3592294,1517.692,42.24854647
26163,4295815,1524,35.47638807
6073,4973643,1548,31.12406741
27053,3815461,1552.1,40.67922592
12057,3855368,1557,40.38524986
8031,2876625,1585.6,55.12014948
36047,2559903,1613.9,63.04535758
36081,2230722,1619,72.57739871
6065,4962409,1625.223,32.75068621
24510,2106068,1627.1,77.25771438
32003,3643143,1639,44.98862658
41051,2214848,1652,74.5875112
48029,2261917,1654,73.12381489
29510,2024074,1664.814,82.25064894
6067,2908277,1676.8,57.6561311
12095,2531132,1688,66.68952864
6085,2732982,1709.754,62.56001686
39035,2550659,1729.377,67.80118393
42003,2216729,1760,79.39626359
48453,1847567,1807,97.80430155
39061,2113641,1838.9,87.00152959
29095,2002001,1883.8,94.09585709
18097,1680408,2006.7,119.4174272
39049,1951297,2009.059,102.9601849
37119,1684115,2012.7,119.510841
51810,1478868,2099.6,141.9734554
36005,1418207,2197.455,154.9459987
55079,1721444,2199.145,127.7500168
44007,1503930,2200.041,146.2861303
12031,1227744,2209.3,179.947937
49035,2050665,2228.867,29.49573212
47037,1111403,2244.4,7.488409617
51760,1075798,2251.082,13.03693379
47157,1251698,2270.1,16.92864438
37183,1493981,2298.751,19.65860263
22071,1020886,2303.2,25.69698901
21111,1154194,2320.2,23.65288603
40109,1221924,2329.661,24.38802186
9001,1397768,2350.187,27.46885029
36029,1060781,2356.77,31.2341538
48439,2015719,2365.4,21.56807861
9003,1113222,2393.045,28.52421999
4019,1339245,2394.1,42.24854647
31055,861109,2420.342,35.47638807
48141,962381,2453.7,31.12406741
15003,1430942,2472.163,40.67922592
48215,1374956,2497.576,40.38524986
35001,838056,2509.1,55.12014948
1073,1137299,2511.8,63.04535758
12115,1128872,2543.966,72.57739871
39113,1000635,2559.7,32.75068621
36055,765242,2561.526,77.25771438
6019,1096496,2600.824,44.98862658
42077,782642,2675.245,74.5875112
40143,917147,2685.1,73.12381489
12071,1528309,2733.951,82.25064894
6013,1836522,2747.2,57.6561311
8041,809522,2826.645,66.68952864
45019,874024,2836.2,62.56001686
25013,831091,2928.8,67.80118393
26081,892296,2934.56,79.39626359
6059,3626476,2947.9,97.80430155
36001,636327,3009,87.00152959
47093,612136,3035.3,94.09585709
6029,963471,3036.573,119.4174272
49057,739036,3055.857,102.9601849
22033,713945,3088.4,119.510841
39153,849572,3106.6,141.9734554
9009,1079282,3135.365,154.9459987
45079,632648,3146.4,127.7500168
12009,886064,3154.7,146.2861303
49049,1015115,3171.3,179.947937
25027,718414,3177.059,29.49573212
45045,826108,3227.82,7.488409617
20173,568887,3228.4,13.03693379
39095,552490,3232.537,16.92864438
36085,476143,3242.819,19.65860263
19153,762327,3243.7,25.69698901
12111,556611,3277.826,23.65288603
48121,912731,3286,24.38802186
55025,659380,3310.356,27.46885029
32031,619062,3320.626,31.2341538
42043,554655,3328.2,21.56807861
5119,603435,3330.8,28.52421999
6001,1665305,3339.1,42.24854647
37063,426574,3349.931,35.47638807
37067,494567,3357.024,31.12406741
12035,425514,3364.285,40.67922592
47065,520742,3372.2,40.38524986
53063,588170,3386.2,55.12014948
36067,483072,3387.3,63.04535758
42071,568149,3408.6,72.57739871
6077,803976,3413.233,32.75068621
36027,455586,3450.053,77.25771438
13245,395464,3460.5,44.98862658
16001,581194,3460.979,74.5875112
6111,1079270,3469.438,73.12381489
42069,478518,3487.87,82.25064894
6099,699366,3509.9,57.6561311
12097,484532,3510.166,66.68952864
8001,865016,3516.9,62.56001686
39099,479619,3524.1,67.80118393
5143,469474,3529.3,79.39626359
12033,521071,3545.982,97.80430155
6071,2287932,3566.959,87.00152959
37081,570150,3567.562,94.09585709
48355,366166,3569.5,119.4174272
18003,367431,3575.3,102.9601849
26049,433137,3577.539,119.510841
37051,362262,3586.136,141.9734554
28049,368428,3588.9,154.9459987
6097,580468,3591.5,127.7500168
26065,464514,3591.6,146.2861303
72127,323279,3593.6,179.947937
21067,323152,3596.081,29.49573212
26161,379190,3621.1,7.488409617
1089,403788,3629.517,13.03693379
1097,410384,3632.916,16.92864438
8069,426639,3647.037,19.65860263
37021,346926,3656.7,25.69698901
27123,535315,3662.6,23.65288603
12105,883731,3668.3792,24.38802186
34021,386901,3676.9,27.46885029
31109,299997,3682.072,31.2341538
29077,323755,3694,21.56807861
2020,288000,3698,28.52421999
48085,1051468,3699.347,42.24854647
19163,343932,3708.8,35.47638807
17201,366481,3721.8,31.12406741
34013,415452,3728.757,40.67922592
18141,381565,3729.3,40.38524986
22017,294012,3774.9,55.12014948
17097,867153,3800.09203,63.04535758
13051,385643,3803.656,72.57739871
45051,396669,3805.287,32.75068621
41039,387434,3811.86321,77.25771438
39151,402614,3821.3,44.98862658
48303,289777,3822.172,74.5875112
42011,431801,3827.6,73.12381489
41047,431846,3829.7,82.25064894
12103,865404,3876.25995,57.6561311
22055,315945,3882.074,66.68952864
48479,278834,3898.10454,62.56001686
34017,597087,3902.026,67.80118393
37025,335245,3919.597,79.39626359
13215,261445,3921.941,97.80430155
48027,463492,3928,87.00152959
12073,260355,3958.71855,94.09585709
17143,293631,3960.7,119.4174272
37129,344179,3972,102.9601849
1101,264793,3976.4,119.510841
51550,244835,4039.8,141.9734554
25001,328011,4077.1,154.9459987
51710,242742,4106.9,127.7500168
53005,331199,4116.5,146.2861303
6107,526640,4139.07068,179.947937
34001,363294,4160,29.49573212
33011,406451,4173.874,7.488409617
51013,233464,4184,13.03693379
42133,443751,4222.10908,16.92864438
18163,235620,4243.6,19.65860263
48061,483225,4248.669,25.69698901
28047,308436,4252.29073,23.65288603
55087,269226,4314.5,24.38802186
53035,357163,4346.6,27.46885029
37035,272403,4369.8,31.2341538
53053,836847,4409.8,21.56807861
48041,304035,4415.8,28.52421999
26077,298575,4480.5,42.24854647
51770,214674,4480.8,35.47638807
38017,258276,4488.8,31.12406741
55009,333736,4523.1,40.67922592
48375,205781,4548,40.38524986
23005,263506,4563.9,55.12014948
6083,564861,4610,63.04535758
12001,229403,4669.028,72.57739871
53067,317143,4733.8,32.75068621
36119,710129,4794.666,77.25771438
9011,276167,4823.9,44.98862658
12127,561375,4826.1,74.5875112
17089,561704,4858.873,73.12381489
20091,590510,4873.894,82.25064894
48309,268341,4909.8,57.6561311
6053,498603,4910.7,66.68952864
47125,188746,4925.8,62.56001686
19113,261885,4934.824,67.80118393
46099,211638,4987.8,79.39626359
54011,203763,5004.4,97.80430155
24043,245268,5012.4,87.00152959
42049,227106,5023.9,94.09585709
53011,414107,5025.383,119.4174272
16027,257427,5063.944,102.9601849
45083,251109,5081.7,119.510841
37071,245477,5096.1,141.9734554
12011,1951866,5140.1,154.9459987
39093,369139,5147.7,127.7500168
47149,273324,5177,146.2861303
51700,179225,5185.4,179.947937
6087,384985,5209.3,29.49573212
6095,517871,5274.534,7.488409617
41029,255421,5293.9,13.03693379
53061,816023,5387.9,16.92864438
12083,186402,5412,19.65860263
51630,168909,5628.28,25.69698901
13139,183852,5714.753,23.65288603
72021,161034,5814.7,24.38802186
17019,259596,5821.5,27.46885029
51510,159428,5843.9,31.2341538
17167,206898,5878.738,21.56807861
8059,472351,5881.5,28.52421999
18157,217091,5948,42.24854647
24021,260025,5965.3,35.47638807
22019,219444,5980.437,31.12406741
48135,184073,6026.3,40.67922592
1125,199510,6114.4,40.38524986
13153,182257,6243.813,55.12014948
48329,154793,6306.609,63.04535758
12069,332845,6377.076,72.57739871
48245,355680,6441.6,32.75068621
26121,219088,6459,77.25771438
13021,153159,6460.369,44.98862658
20209,165361,6466,74.5875112
25005,409939,6599.4,73.12381489
17043,833591,6650.4,82.25064894
36007,198235,6657.1,57.6561311
18039,211240,6704.896,66.68952864
20177,151515,6723.78,62.56001686
17197,557367,6950.661,67.80118393
34031,411867,6986.5,79.39626359
6047,296847,7045.6,97.80430155
8101,181913,7073.4,87.00152959
48423,179349,7223.577,94.09585709
4027,239560,7562.4,119.4174272
22051,416457,7813.669,102.9601849
29019,153176,7828.994,119.510841
13059,142769,7889.609,141.9734554
6061,358688,8786,154.9459987
22109,182604,14916.471,127.7500168
8077,201620,1421.271,146.2861303
54039,211599,1423.3,179.947937
8123,324747,1432.2,29.49573212
72031,136771,1433.5,7.488409617
35013,208189,1436.805,13.03693379
12005,233415,1451.7,16.92864438
51650,134510,1465.038,19.65860263
26099,478399,1475,25.69698901
17113,212065,1477.6,23.65288603
48491,435694,1499.131,24.38802186
53077,241084,1504.1,27.46885029
37001,189120,1504.5,31.2341538
53073,207682,1517.692,21.56807861
55101,252147,1524,28.52421999
37147,158676,1548,42.24854647
34039,379317,1552.1,35.47638807
47179,141286,1557,31.12406741
51680,126814,1585.6,40.67922592
5131,146810,1613.9,40.38524986
55059,185346,1619,55.12014948
40027,200568,1625.223,63.04535758
26125,898901,1627.1,72.57739871
8013,412207,1639,32.75068621
48441,133043,1652,77.25771438
48039,316432,1654,44.98862658
6089,161468,1664.814,74.5875112
49053,207481,1676.8,73.12381489
30111,139937,1688,82.25064894
6101,125278,1709.754,57.6561311
27109,135971,1729.377,66.68952864
47163,214180,1760,62.56001686
27137,191349,1807,67.80118393
45091,197952,1838.9,79.39626359
25017,873703,1883.8,97.80430155
48157,428913,2006.7,87.00152959
48167,402004,2009.059,94.09585709
19103,172323,2012.7,119.4174272
26145,160275,2099.6,102.9601849
6007,235373,2197.455,119.510841
10001,168228,2199.145,141.9734554
16055,185971,2200.041,154.9459987
18105,126959,2209.3,127.7500168
27145,183306,2228.867,146.2861303
48339,244841,2244.4,179.947937
72113,122526,2251.082,29.49573212
22073,156686,2270.1,7.488409617
36065,172568,2298.751,13.03693379
12099,946243,2303.2,16.92864438
19013,165775,2320.2,19.65860263
6025,226684,2329.661,25.69698901
35049,147467,2350.187,23.65288603
12053,164067,2356.77,24.38802186
8005,261200,2365.4,27.46885029
41017,165712,2393.045,31.2341538
50007,147457,2394.1,21.56807861
41067,533471,2420.342,28.52421999
37133,161098,2453.7,42.24854647
42091,433740,2472.163,35.47638807
55035,118691,2497.576,31.12406741
19193,118793,2509.1,40.67922592
24045,121819,2511.8,40.38524986
6081,756053,2543.966,55.12014948
8035,300954,2559.7,63.04535758
48485,125707,2561.526,72.57739871
24027,271672,2600.824,32.75068621
49005,174135,2675.245,77.25771438
4025,244216,2685.1,44.98862658
18057,315194,2733.951,74.5875112
48451,104806,2747.2,73.12381489
55063,143941,2826.645,82.25064894
16019,125381,2836.2,57.6561311
26139,176475,2928.8,66.68952864
51540,100416,2934.56,62.56001686
48183,135808,2947.9,67.80118393
35043,136194,3009,79.39626359
20045,110417,3035.3,97.80430155
38015,103466,3036.573,87.00152959
39017,275841,3055.857,94.09585709
4021,378318,3088.4,119.4174272
22103,223320,3106.6,102.9601849
25023,174018,3135.365,119.510841
21227,98392,3146.4,141.9734554
33017,138263,3154.7,154.9459987
25021,262513,3171.3,127.7500168
51740,94398,3177.059,146.2861303
25009,493768,3227.82,179.947937
6031,172137,3228.4,29.49573212
34011,164323,3232.537,7.488409617
45041,109582,3242.819,13.03693379
33015,96769,3243.7,16.92864438
40031,103515,3277.826,19.65860263
30063,113435,3286,25.69698901
1081,129274,3310.356,23.65288603
46103,120059,3320.626,24.38802186
18167,103203,3328.2,27.46885029
51800,92108,3330.8,31.2341538
51121,124755,3339.1,21.56807861
24031,990692,3349.931,28.52421999
48091,125218,3357.024,42.24854647
13095,91766,3364.285,35.47638807
29183,307296,3372.2,31.12406741
18035,106203,3386.2,40.67922592
42027,153828,3387.3,40.38524986
17115,106802,3408.6,55.12014948
26075,107387,3413.233,63.04535758
13313,90314,3450.053,72.57739871
18095,117580,3460.5,32.75068621
6055,126231,3460.979,77.25771438
6039,132069,3469.438,44.98862658
29097,133867,3487.87,74.5875112
47187,151655,3509.9,73.12381489
26147,112855,3510.166,82.25064894
39023,110820,3516.9,57.6561311
12101,405730,3524.1,66.68952864
12109,208045,3529.3,62.56001686
4005,136297,3545.982,67.80118393
44003,81991,3566.959,79.39626359
39089,136974,3567.562,97.80430155
51830,80441,3569.5,87.00152959
28035,93972,3575.3,94.09585709
22079,105731,3577.539,119.4174272
1077,87183,3586.136,102.9601849
13185,91719,3588.9,119.510841
56021,98939,3591.5,141.9734554
12119,97974,3591.6,154.9459987
18067,83634,3593.6,127.7500168
29021,80684,3596.081,146.2861303
17119,272582,3621.1,179.947937
45007,131841,3629.517,29.49573212
5031,92633,3632.916,7.488409617
42075,121552,3647.037,13.03693379
49011,351943,3656.7,16.92864438
21093,122327,3662.6,19.65860263
48037,100050,3668.3792,25.69698901
17091,134734,3676.9,23.65288603
6113,214945,3682.072,24.38802186
26025,107413,3694,27.46885029
48209,158117,3698,31.2341538
42095,182380,3699.347,21.56807861
55139,148472,3708.8,28.52421999
18089,453126,3721.8,42.24854647
24017,115869,3728.757,35.47638807
53021,84618,3729.3,31.12406741
54069,80752,3774.9,40.67922592
5045,90949,3800.09203,40.38524986
42013,111270,3803.656,55.12014948
51840,74417,3805.287,63.04535758
45013,184045,3811.86321,72.57739871
51059,1095473,3821.3,32.75068621
21059,76923,3822.172,77.25771438
47113,75936,3827.6,44.98862658
47011,89907,3829.7,74.5875112
55073,125651,3876.25995,73.12381489
34007,325286,3882.074,82.25064894
1015,139098,3898.10454,57.6561311
39139,95228,3902.026,66.68952864
72025,81887,3919.597,62.56001686
16005,95791,3921.941,67.80118393
27163,252601,3928,79.39626359
51153,354361,3958.71855,97.80430155
54061,98779,3960.7,87.00152959
22105,96498,3972,94.09585709
1069,88676,3976.4,119.4174272
51660,72386,4039.8,102.9601849
53007,95073,4077.1,119.510841
55133,332023,4106.9,141.9734554
45085,94398,4116.5,154.9459987
1003,196033,4139.07068,127.7500168
53057,119522,4160,146.2861303
55105,158333,4173.874,179.947937
48181,124753,4184,29.49573212
8014,70465,4222.10908,7.488409617
6079,321293,4243.6,13.03693379
10003,273893,4248.669,16.92864438
24003,520698,4252.29073,19.65860263
55131,136046,4314.5,25.69698901
55117,103100,4346.6,23.65288603
35061,119201,4369.8,24.38802186
39003,92494,4409.8,27.46885029
1103,92630,4415.8,31.2341538
5007,232119,4480.5,21.56807861
22015,90014,4480.8,28.52421999
19061,88509,4488.8,42.24854647
48469,75039,4523.1,35.47638807
36091,87296,4548,31.12406741
72061,68024,4563.9,40.67922592
19169,91191,4610,40.38524986
56025,82046,4669.028,55.12014948
41003,75453,4733.8,63.04535758
27037,412097,4794.666,72.57739871
53015,97580,4823.9,32.75068621
17037,113971,4826.1,77.25771438
26017,72698,4858.873,44.98862658
17077,80719,4873.894,74.5875112
27003,352487,4909.8,73.12381489
54029,70237,4910.7,82.25064894
36093,80149,4925.8,57.6561311
30013,75744,4934.824,66.68952864
18091,103386,4987.8,62.56001686
38035,71783,5004.4,67.80118393
37135,93070,5012.4,79.39626359
37127,79913,5023.9,97.80430155
36113,81125,5025.383,87.00152959
36103,1364343,5063.944,94.09585709
2090,128686,5081.7,119.4174272
42021,134998,5096.1,102.9601849
24005,719272,5140.1,119.510841
36015,76332,5147.7,141.9734554
27013,74404,5177,154.9459987
41043,115125,5185.4,127.7500168
54107,86271,5209.3,146.2861303
12015,109762,5274.534,179.947937
12055,91166,5293.9,29.49573212
19155,75291,5387.9,7.488409617
42129,214114,5412,13.03693379
13115,69266,5628.28,16.92864438
12117,320374,5714.753,19.65860263
72097,61361,5814.7,25.69698901
47063,61171,5821.5,23.65288603
1055,114182,5843.9,24.38802186
13067,261295,5878.738,27.46885029
5051,73729,5881.5,31.2341538
18005,64487,5948,21.56807861
23019,76238,5965.3,28.52421999
18081,111195,5980.437,42.24854647
12081,170687,6026.3,35.47638807
51790,59433,6114.4,31.12406741
26021,120967,6243.813,40.67922592
23001,86235,6306.609,40.38524986
26111,60834,6377.076,55.12014948
32510,58756,6441.6,63.04535758
24033,849093,6459,72.57739871
36071,220430,6460.369,32.75068621
6041,241205,6466,77.25771438
47165,142293,6599.4,44.98862658
29051,63725,6650.4,74.5875112
54081,80551,6657.1,73.12381489
13015,70427,6704.896,82.25064894
53071,76347,6723.78,57.6561311
30031,93891,6950.661,66.68952864
42089,121570,6986.5,62.56001686
37191,75161,7045.6,67.80118393
20161,66911,7073.4,79.39626359
4015,224906,7223.577,97.80430155
29031,72972,7562.4,87.00152959
41033,67960,7813.669,94.09585709
28033,144653,7828.994,119.4174272
25003,73603,7889.609,102.9601849
48323,81070,8786,119.510841
34023,447094,14916.471,141.9734554
42079,243222,1421.271,154.9459987
16083,69232,1423.3,127.7500168
13089,433246,1432.2,146.2861303
55039,89165,1433.5,179.947937
36109,74687,1436.805,29.49573212
36111,103819,1451.7,7.488409617
13127,84340,1465.038,13.03693379
42081,101613,1475,16.92864438
51107,322130,1477.6,19.65860263
31153,114046,1499.131,25.69698901
16069,55339,1504.1,23.65288603
31079,56920,1504.5,24.38802186
36045,88069,1517.692,27.46885029
42055,100986,1524,31.2341538
30049,81864,1548,21.56807861
45035,57359,1552.1,28.52421999
42017,174465,1557,42.24854647
4003,110508,1585.6,35.47638807
36059,1295934,1613.9,31.12406741
35045,100063,1619,40.67922592
37049,95214,1625.223,40.38524986
13179,69501,1627.1,55.12014948
29189,847945,1639,63.04535758
26055,54791,1652,72.57739871
47141,59463,1654,32.75068621
40119,62972,1664.814,77.25771438
48257,100767,1676.8,44.98862658
42037,72438,1688,74.5875112
37031,75786,1709.754,73.12381489
40047,55388,1729.377,82.25064894
37195,54166,1760,57.6561311
38101,60456,1807,66.68952864
36083,73234,1838.9,62.56001686
6069,57130,1883.8,67.80118393
35005,52633,2006.7,79.39626359
28059,140773,2009.059,97.80430155
51087,203278,2012.7,87.00152959
48427,84057,2099.6,94.09585709
21145,67283,2197.455,119.4174272
39063,54738,2199.145,102.9601849
24025,187121,2200.041,119.510841
26115,93370,2209.3,141.9734554
48251,115987,2228.867,154.9459987
42051,92868,2244.4,127.7500168
18019,92321,2251.082,146.2861303
13013,61081,2270.1,179.947937
24001,83437,2298.751,29.49573212
13045,73526,2303.2,7.488409617
39057,135984,2320.2,13.03693379
36063,129444,2329.661,16.92864438
39085,178510,2350.187,19.65860263
17183,71265,2356.77,25.69698901
47119,92602,2365.4,23.65288603
39157,86651,2393.045,24.38802186
39043,68404,2394.1,27.46885029
6017,160976,2420.342,31.2341538
20169,48016,2453.7,21.56807861
29187,74881,2472.163,28.52421999
48367,78359,2497.576,42.24854647
9007,63962,2509.1,35.47638807
41019,98548,2511.8,31.12406741
20103,70897,2543.966,40.67922592
37125,85984,2559.7,40.38524986
51590,45890,2561.526,55.12014948
48397,89189,2600.824,63.04535758
28081,65715,2675.245,72.57739871
5069,53972,2685.1,32.75068621
39101,49082,2733.951,77.25771438
15001,167536,2747.2,44.98862658
48005,59847,2826.645,74.5875112
55071,70649,2836.2,73.12381489
17001,50896,2928.8,82.25064894
39045,88644,2934.56,57.6561311
6023,151025,2947.9,66.68952864
34003,785127,3009,62.56001686
48465,52792,3035.3,67.80118393
13135,241277,3036.573,79.39626359
72139,43703,3055.857,97.80430155
26091,67817,3088.4,87.00152959
45015,111570,3106.6,94.09585709
27027,56003,3135.365,119.4174272
33013,65796,3146.4,102.9601849
41035,65455,3154.7,119.510841
53041,61866,3171.3,141.9734554
55097,62103,3177.059,154.9459987
20155,51199,3227.82,127.7500168
45047,47935,3228.4,146.2861303
18177,53673,3232.537,179.947937
48471,43861,3242.819,29.49573212
35009,46442,3243.7,7.488409617
13031,44798,3277.826,13.03693379
35025,66905,3286,16.92864438
41071,98757,3310.356,19.65860263
48187,115570,3320.626,25.69698901
39119,57969,3328.2,23.65288603
13077,51443,3330.8,24.38802186
27139,119534,3339.1,27.46885029
17161,126017,3349.931,31.2341538
39041,64333,3357.024,21.56807861
51683,41085,3364.285,28.52421999
21151,59395,3372.2,42.24854647
17163,208781,3386.2,35.47638807
42107,144292,3387.3,31.12406741
54055,52561,3408.6,40.67922592
18053,58936,3413.233,40.38524986
36013,95104,3450.053,55.12014948
54033,62293,3460.5,63.04535758
21117,153344,3460.979,72.57739871
37179,164101,3469.438,32.75068621
9005,72324,3487.87,77.25771438
49021,52037,3509.9,44.98862658
17111,262729,3510.166,74.5875112
41005,296279,3516.9,73.12381489
25015,104503,3524.1,82.25064894
40101,51091,3529.3,57.6561311
40147,44638,3545.982,66.68952864
37151,68846,3566.959,62.56001686
30029,76024,3567.562,67.80118393
72013,46929,3569.5,79.39626359
37097,70136,3575.3,97.80430155
12091,143138,3577.539,87.00152959
53025,81104,3586.136,94.09585709
42073,66280,3588.9,119.4174272
1031,44533,3591.5,102.9601849
21073,38852,3591.6,119.510841
39155,124079,3593.6,141.9734554
47189,86074,3596.081,154.9459987
28071,43244,3621.1,127.7500168
48221,54797,3629.517,146.2861303
48139,123023,3632.916,179.947937
42019,89330,3647.037,29.49573212
1095,66206,3656.7,7.488409617
21125,40655,3662.6,13.03693379
13039,60015,3668.3792,16.92864438
51085,45594,3676.9,19.65860263
36075,60787,3682.072,25.69698901
12113,141903,3694,23.65288603
32023,40216,3698,24.38802186
13073,91451,3699.347,27.46885029
21209,38158,3708.8,31.2341538
18127,111770,3721.8,21.56807861
18043,43045,3728.757,28.52421999
5125,91835,3729.3,42.24854647
28075,43240,3774.9,35.47638807
1113,40467,3800.09203,31.12406741
17093,81371,3803.656,40.67922592
13113,62446,3805.287,40.38524986
39145,56516,3811.86321,55.12014948
40125,55316,3821.3,63.04535758
56005,39153,3822.172,72.57739871
49045,63686,3827.6,32.75068621
1001,43087,3829.7,77.25771438
13285,42586,3876.25995,44.98862658
26073,40534,3882.074,74.5875112
20061,37716,3898.10454,73.12381489
37105,36753,3902.026,82.25064894
18063,98148,3919.597,57.6561311
53029,60798,3921.941,66.68952864
36087,285357,3928,62.56001686
39103,99271,3958.71855,67.80118393
13129,36747,3960.7,79.39626359
53075,44069,3972,97.80430155
48347,36993,3976.4,87.00152959
31019,41251,4039.8,94.09585709
30093,34915,4077.1,119.4174272
5115,43542,4106.9,102.9601849
6057,72394,4116.5,119.510841
35015,54777,4139.07068,141.9734554
42045,249229,4160,154.9459987
13097,52046,4173.874,127.7500168
37159,56235,4184,146.2861303
56001,34658,4222.10908,179.947937
39165,117254,4243.6,29.49573212
17095,45400,4248.669,7.488409617
18085,55755,4252.29073,13.03693379
35035,47601,4314.5,16.92864438
1117,156554,4346.6,19.65860263
48099,46876,4369.8,25.69698901
34037,89036,4409.8,23.65288603
13057,82168,4415.8,24.38802186
21015,87930,4480.5,27.46885029
54049,44875,4480.8,31.2341538
28105,37191,4488.8,21.56807861
39173,87402,4523.1,28.52421999
41011,59723,4548,42.24854647
37101,94586,4563.9,35.47638807
29047,105423,4610,31.12406741
17179,110241,4669.028,40.67922592
39141,36652,4733.8,40.38524986
2110,31974,4794.666,55.12014948
22005,62293,4823.9,63.04535758
51690,31871,4826.1,72.57739871
21047,54704,4858.873,32.75068621
13009,34800,4873.894,77.25771438
12087,75927,4909.8,44.98862658
51730,31346,4910.7,74.5875112
15009,161014,4925.8,73.12381489
1083,33352,4934.824,82.25064894
24013,84110,4987.8,57.6561311
28087,38792,5004.4,66.68952864
16065,32431,5012.4,62.56001686
4023,54158,5023.9,67.80118393
21113,40879,5025.383,79.39626359
45003,81869,5063.944,97.80430155
39169,62821,5081.7,87.00152959
48265,32473,5096.1,94.09585709
36011,39717,5140.1,119.4174272
12019,152125,5147.7,102.9601849
45075,46902,5177,119.510841
17099,109056,5185.4,141.9734554
34025,308952,5209.3,154.9459987
19045,43531,5274.534,127.7500168
21199,32869,5293.9,146.2861303
13151,76118,5387.9,179.947937
39029,82990,5412,29.49573212
38105,32817,5628.28,7.488409617
47009,53450,5714.753,13.03693379
20055,31732,5814.7,16.92864438
5091,30771,5821.5,19.65860263
39133,89116,5843.9,25.69698901
28151,37018,5878.738,23.65288603
53027,72972,5881.5,24.38802186
27169,42093,5948,27.46885029
6045,64164,5965.3,31.2341538
12021,140250,5980.437,21.56807861
23031,83947,6026.3,28.52421999
41059,70513,6114.4,42.24854647
10005,123683,6243.813,35.47638807
47001,44794,6306.609,31.12406741
39009,45957,6377.076,40.67922592
22095,43209,6441.6,40.38524986
5055,31886,6459,55.12014948
12089,51109,6460.369,63.04535758
48227,30932,6466,72.57739871
42097,115131,6599.4,32.75068621
48231,56171,6650.4,77.25771438
36019,36555,6657.1,44.98862658
36069,39217,6704.896,74.5875112
19057,35117,6723.78,73.12381489
22045,38507,6950.661,82.25064894
18011,56651,6986.5,57.6561311
37155,54090,7045.6,66.68952864
46013,31618,7073.4,62.56001686
21101,30121,7223.577,67.80118393
40017,83651,7562.4,79.39626359
6109,56075,7813.669,97.80430155
55141,57722,7828.994,87.00152959
22101,62289,7889.609,94.09585709
22061,35964,8786,119.4174272
8043,44185,14916.471,102.9601849
27171,124412,1421.271,119.510841
39007,65354,1423.3,141.9734554
36035,36258,1432.2,154.9459987
31053,32256,1433.5,127.7500168
45073,36910,1436.805,146.2861303
41009,45213,1451.7,179.947937
42063,45317,1465.038,29.49573212
17195,49600,1475,7.488409617
20057,29586,1477.6,13.03693379
23011,57204,1499.131,16.92864438
31119,32533,1504.1,19.65860263
27019,94355,1504.5,25.69698901
37045,49954,1517.692,23.65288603
19033,37750,1524,24.38802186
37107,30709,1548,27.46885029
5145,46020,1552.1,31.2341538
36023,32089,1557,21.56807861
19127,32284,1585.6,28.52421999
33009,29462,1613.9,42.24854647
37057,64189,1619,35.47638807
28121,76247,1625.223,31.12406741
26103,56171,1627.1,40.67922592
29159,29082,1639,40.38524986
5085,45581,1652,55.12014948
28149,29387,1654,63.04535758
39109,70905,1664.814,72.57739871
12023,31346,1676.8,32.75068621
12093,31639,1688,77.25771438
19139,35028,1709.754,44.98862658
37189,30274,1729.377,74.5875112
16057,30802,1760,73.12381489
12061,128698,1807,82.25064894
28001,28535,1838.9,57.6561311
21049,26083,1883.8,66.68952864
48277,33345,2006.7,62.56001686
51161,49522,2009.059,67.80118393
55031,29026,2012.7,79.39626359
35039,43730,2099.6,97.80430155
56037,45075,2197.455,87.00152959
49051,35198,2199.145,94.09585709
28067,32838,2200.041,119.4174272
27147,29568,2209.3,102.9601849
28089,67451,2228.867,119.510841
45057,34396,2244.4,141.9734554
27099,31880,2251.082,154.9459987
47155,47939,2270.1,127.7500168
40131,47428,2298.751,146.2861303
48273,26605,2303.2,179.947937
37161,38431,2320.2,29.49573212
51775,25301,2329.661,7.488409617
27141,51400,2350.187,13.03693379
17007,37807,2356.77,16.92864438
72137,63455,2365.4,19.65860263
31157,38344,2393.045,25.69698901
29213,42363,2394.1,23.65288603
72053,27491,2420.342,24.38802186
39159,30443,2453.7,27.46885029
46011,29358,2472.163,31.2341538
24009,58367,2497.576,21.56807861
12085,95977,2509.1,28.52421999
55109,54514,2511.8,42.24854647
41045,30745,2543.966,35.47638807
40019,36567,2559.7,31.12406741
31001,27176,2561.526,40.67922592
20111,27229,2600.824,40.38524986
34035,180444,2675.245,55.12014948
13277,29452,2685.1,63.04535758
22097,49878,2733.951,72.57739871
5035,41728,2747.2,32.75068621
55089,72448,2826.645,77.25771438
53037,32301,2836.2,44.98862658
19179,27491,2928.8,74.5875112
21211,28157,2934.56,73.12381489
44005,37535,2947.9,82.25064894
53009,58265,3009,57.6561311
13275,28204,3035.3,66.68952864
40071,36660,3036.573,62.56001686
72033,24271,3055.857,67.80118393
27131,54491,3088.4,79.39626359
37109,35395,3106.6,97.80430155
26045,59234,3135.365,87.00152959
31111,27211,3146.4,94.09585709
54037,40447,3154.7,119.4174272
17177,31301,3171.3,102.9601849
19049,46478,3177.059,119.510841
51600,24019,3227.82,141.9734554
48349,31880,3228.4,154.9459987
19187,29409,3232.537,127.7500168
22087,43790,3242.819,146.2861303
12107,31296,3243.7,179.947937
5033,35498,3277.826,29.49573212
47059,29160,3286,7.488409617
13299,27218,3310.356,13.03693379
29037,78375,3320.626,16.92864438
36043,32479,3328.2,19.65860263
18071,29654,3330.8,25.69698901
21107,32055,3339.1,23.65288603
37019,77430,3349.931,24.38802186
55055,77216,3357.024,27.46885029
8085,26837,3364.285,31.2341538
31141,26189,3372.2,21.56807861
48189,28538,3386.2,28.52421999
38089,25653,3387.3,42.24854647
37153,36424,3408.6,35.47638807
18059,38776,3413.233,31.12406741
18033,36291,3450.053,40.67922592
35031,42526,3460.5,40.38524986
48203,30005,3460.979,55.12014948
13255,27783,3469.438,63.04535758
33005,24514,3487.87,72.57739871
38059,25696,3509.9,32.75068621
20037,33653,3510.166,77.25771438
37139,22711,3516.9,44.98862658
47145,38802,3524.1,74.5875112
25011,31844,3529.3,73.12381489
51820,22630,3545.982,82.25064894
42039,43899,3566.959,57.6561311
51670,22529,3567.562,66.68952864
29043,51074,3569.5,62.56001686
29101,33178,3575.3,67.80118393
40137,32269,3577.539,79.39626359
37083,33319,3586.136,97.80430155
72145,27073,3588.9,87.00152959
39143,41445,3591.5,94.09585709
46029,23335,3591.6,119.4174272
45063,122193,3593.6,102.9601849
47003,25595,3596.081,119.510841
51041,124781,3621.1,141.9734554
39083,36124,3629.517,154.9459987
48049,28855,3632.916,127.7500168
17137,29327,3647.037,146.2861303
42087,36877,3656.7,179.947937
18065,30582,3662.6,29.49573212
32019,42858,3668.3792,7.488409617
47167,41973,3676.9,13.03693379
20051,25172,3682.072,16.92864438
45077,54255,3694,19.65860263
26155,39647,3698,25.69698901
40037,37757,3699.347,23.65288603
39167,36919,3708.8,24.38802186
48143,24800,3721.8,27.46885029
36057,32039,3728.757,31.2341538
27041,26087,3729.3,21.56807861
21179,24102,3774.9,28.52421999
32007,46847,3800.09203,42.24854647
45021,25804,3803.656,35.47638807
39149,28145,3805.287,31.12406741
29099,90300,3811.86321,40.67922592
29161,26325,3821.3,40.38524986
18145,23594,3822.172,55.12014948
37055,41623,3827.6,63.04535758
72057,27902,3829.7,72.57739871
13137,32201,3876.25995,32.75068621
47045,24742,3882.074,77.25771438
36053,35282,3898.10454,44.98862658
21035,21468,3902.026,74.5875112
36009,40060,3919.597,73.12381489
39077,44513,3921.941,82.25064894
18017,23814,3928,57.6561311
13175,25141,3958.71855,66.68952864
27067,29245,3960.7,62.56001686
48249,29709,3972,67.80118393
51047,20485,3976.4,79.39626359
41065,25128,4039.8,97.80430155
50023,30908,4077.1,87.00152959
20079,30657,4106.9,94.09585709
29023,21623,4116.5,119.4174272
34015,109717,4139.07068,102.9601849
39005,27290,4160,119.510841
53045,29197,4173.874,141.9734554
37181,21673,4184,154.9459987
6115,63483,4222.10908,127.7500168
8067,24296,4243.6,146.2861303
41053,51052,4248.669,179.947937
21019,28222,4252.29073,29.49573212
17029,40427,4314.5,7.488409617
26041,25003,4346.6,13.03693379
42029,134683,4369.8,16.92864438
13063,75047,4409.8,19.65860263
4009,35825,4415.8,25.69698901
28083,25912,4480.5,23.65288603
1017,32652,4480.8,24.38802186
1043,31801,4488.8,27.46885029
49047,28362,4523.1,31.2341538
37165,24083,4548,21.56807861
1047,25325,4563.9,28.52421999
40021,32291,4610,42.24854647
48007,23082,4669.028,35.47638807
51187,26818,4733.8,31.12406741
49003,51858,4794.666,40.67922592
27035,44281,4823.9,40.38524986
47031,34446,4826.1,55.12014948
21021,22584,4858.873,63.04535758
18083,26902,4873.894,72.57739871
22113,29105,4909.8,32.75068621
33001,22183,4910.7,77.25771438
8117,34218,4925.8,44.98862658
56033,22637,4934.824,74.5875112
40013,27861,4987.8,73.12381489
36101,40920,5004.4,82.25064894
34027,168367,5012.4,57.6561311
42041,96651,5023.9,66.68952864
20175,19609,5025.383,62.56001686
39147,38034,5063.944,67.80118393
37171,31690,5081.7,79.39626359
6103,38167,5096.1,97.80430155
12027,27310,5140.1,87.00152959
1109,21278,5147.7,94.09585709
40121,30732,5177,119.4174272
47013,26588,5185.4,102.9601849
22069,24254,5209.3,119.510841
26023,24623,5274.534,141.9734554
34029,165756,5293.9,154.9459987
55075,26657,5387.9,127.7500168
48321,26662,5412,146.2861303
13071,21586,5628.28,179.947937
22099,32476,5714.753,29.49573212
39039,22265,5814.7,7.488409617
26043,27308,5821.5,13.03693379
40065,20856,5843.9,16.92864438
48463,22694,5878.738,19.65860263
51750,18249,5881.5,25.69698901
48001,20712,5948,23.65288603
18107,25200,5965.3,24.38802186
47147,35566,5980.437,27.46885029
48259,21949,6026.3,31.2341538
55033,25292,6114.4,21.56807861
50021,18131,6243.813,28.52421999
48361,43876,6306.609,42.24854647
18077,22204,6377.076,35.47638807
48025,21346,6441.6,31.12406741
37193,33439,6459,40.67922592
55027,41281,6460.369,40.38524986
17109,24509,6466,55.12014948
18069,23198,6599.4,63.04535758
48409,69674,6650.4,72.57739871
72069,31070,6657.1,32.75068621
37027,41036,6704.896,77.25771438
24041,22174,6723.78,44.98862658
29127,21483,6950.661,74.5875112
48477,18155,6986.5,73.12381489
40123,22968,7045.6,82.25064894
47035,32714,7073.4,57.6561311
39081,38171,7223.577,66.68952864
5139,22317,7562.4,62.56001686
27047,21885,7813.669,67.80118393
29001,18481,7828.994,79.39626359
37077,32808,7889.609,97.80430155
17199,46894,8786,87.00152959
51685,17478,14916.471,94.09585709
6033,62374,1421.271,119.4174272
2170,89828,1423.3,102.9601849
54003,22480,1432.2,119.510841
51570,17370,1433.5,141.9734554
9015,35923,1436.805,154.9459987
21239,19191,1451.7,127.7500168
17063,41102,1465.038,146.2861303
42015,31800,1475,179.947937
36077,23248,1477.6,29.49573212
48179,18454,1499.131,7.488409617
37167,32271,1504.1,13.03693379
47043,24527,1504.5,16.92864438
48021,46514,1517.692,19.65860263
17107,23223,1524,25.69698901
1121,48695,1548,23.65288603
16039,21257,1552.1,24.38802186
13261,18420,1557,27.46885029
48097,23493,1585.6,31.2341538
6015,21993,1613.9,21.56807861
28109,24657,1619,28.52421999
27007,23428,1625.223,42.24854647
51520,16762,1627.1,35.47638807
28113,20865,1639,31.12406741
47107,24658,1652,40.67922592
72153,18173,1654,40.38524986
36037,17282,1664.814,55.12014948
37023,33429,1676.8,63.04535758
42035,25979,1688,72.57739871
18037,26168,1709.754,32.75068621
37157,41098,1729.377,77.25771438
40051,30371,1760,44.98862658
48449,17589,1807,74.5875112
55093,27830,1838.9,73.12381489
13297,35980,1883.8,82.25064894
9013,35371,2006.7,57.6561311
16031,18004,2009.059,66.68952864
27049,32017,2012.7,62.56001686
32001,16751,2099.6,67.80118393
48213,47203,2197.455,79.39626359
21037,78098,2199.145,97.80430155
13247,18702,2200.041,87.00152959
29201,29429,2209.3,94.09585709
48223,18072,2228.867,119.4174272
17121,30236,2244.4,102.9601849
17103,22868,2251.082,119.510841
27059,24147,2270.1,141.9734554
18023,20804,2298.751,154.9459987
48381,17819,2303.2,127.7500168
29113,25099,2320.2,146.2861303
26057,28276,2329.661,179.947937
29169,31880,2350.187,29.49573212
19181,35946,2356.77,7.488409617
37013,24263,2365.4,13.03693379
41027,20228,2393.045,16.92864438
1051,47631,2394.1,19.65860263
4007,58644,2420.342,25.69698901
39129,30379,2453.7,23.65288603
8075,17339,2472.163,24.38802186
48003,16851,2497.576,27.46885029
5093,35471,2509.1,31.2341538
46035,16437,2511.8,21.56807861
24015,29784,2543.966,28.52421999
19099,25051,2559.7,42.24854647
40115,22068,2561.526,35.47638807
47177,16683,2600.824,31.12406741
37085,36377,2675.245,40.67922592
26061,31403,2685.1,40.38524986
16011,26432,2733.951,55.12014948
55127,87048,2747.2,63.04535758
41061,22143,2826.645,72.57739871
42085,68405,2836.2,32.75068621
17081,21182,2928.8,77.25771438
51155,22320,2934.56,44.98862658
34041,63765,2947.9,74.5875112
48363,17401,3009,73.12381489
48117,15164,3035.3,82.25064894
39033,33146,3036.573,57.6561311
48013,30240,3055.857,66.68952864
20009,20851,3088.4,62.56001686
38093,16243,3106.6,67.80118393
49043,45669,3135.365,79.39626359
39047,17551,3146.4,97.80430155
6035,22689,3154.7,87.00152959
41007,33829,3171.3,94.09585709
28027,18057,3177.059,119.4174272
46135,15793,3227.82,102.9601849
39097,29044,3228.4,119.510841
28163,15407,3232.537,141.9734554
21029,45890,3242.819,154.9459987
48073,26258,3243.7,127.7500168
24037,40522,3277.826,146.2861303
29105,15980,3286,179.947937
21217,14772,3310.356,29.49573212
18093,21186,3320.626,7.488409617
39059,19947,3328.2,13.03693379
45031,25253,3330.8,16.92864438
35047,18442,3339.1,19.65860263
46065,15137,3349.931,25.69698901
20015,47912,3357.024,23.65288603
51610,14617,3364.285,24.38802186
1033,34693,3372.2,27.46885029
48401,23758,3386.2,31.2341538
18041,14566,3387.3,21.56807861
21009,17674,3408.6,28.52421999
28003,17557,3413.233,42.24854647
1071,24260,3450.053,35.47638807
22057,75633,3460.5,31.12406741
29071,62406,3460.979,40.67922592
12051,41285,3469.438,40.38524986
42123,22626,3487.87,55.12014948
55017,35549,3509.9,63.04535758
72035,16188,3510.166,72.57739871
5005,20613,3516.9,32.75068621
1123,21549,3524.1,77.25771438
45055,23081,3529.3,44.98862658
1045,33367,3545.982,74.5875112
13069,19191,3566.959,73.12381489
53017,19512,3567.562,82.25064894
13217,19255,3569.5,57.6561311
13103,21651,3575.3,66.68952864
35055,25135,3577.539,62.56001686
24019,19610,3586.136,67.80118393
37089,70215,3588.9,79.39626359
22001,32751,3591.5,97.80430155
27009,18466,3591.6,87.00152959
48055,23126,3593.6,94.09585709
26067,31063,3596.081,119.4174272
28011,24548,3621.1,102.9601849
5009,17223,3629.517,119.510841
8107,17716,3632.916,141.9734554
1049,32925,3647.037,154.9459987
22089,52590,3656.7,127.7500168
1115,47997,3662.6,146.2861303
48389,14743,3668.3792,179.947937
28045,31614,3676.9,29.49573212
22075,19284,3682.072,7.488409617
17049,20922,3694,13.03693379
12049,20753,3698,16.92864438
48291,40966,3699.347,19.65860263
27085,25982,3708.8,25.69698901
13223,18587,3721.8,23.65288603
48341,19134,3728.757,24.38802186
48489,19828,3729.3,27.46885029
27103,28727,3774.9,31.2341538
42121,35506,3800.09203,21.56807861
35029,19367,3803.656,28.52421999
26107,18007,3805.287,42.24854647
55111,48059,3811.86321,35.47638807
22093,30068,3821.3,31.12406741
54079,27666,3822.172,40.67922592
13029,16465,3827.6,40.38524986
5123,17627,3829.7,55.12014948
34005,86568,3876.25995,63.04535758
27111,26934,3882.074,72.57739871
13293,19324,3898.10454,32.75068621
48219,17374,3902.026,77.25771438
21005,13666,3919.597,44.98862658
37175,14281,3921.941,74.5875112
29175,16664,3928,73.12381489
39123,24907,3958.71855,82.25064894
17057,25141,3960.7,57.6561311
18027,17147,3972,66.68952864
49007,20588,3976.4,62.56001686
26007,14440,4039.8,67.80118393
47019,22332,4077.1,79.39626359
27083,20254,4106.9,97.80430155
12017,104063,4116.5,87.00152959
21013,15645,4139.07068,94.09585709
37111,15770,4160,119.4174272
42125,102051,4173.874,102.9601849
1127,25417,4184,119.510841
46005,14510,4222.10908,141.9734554
26033,13737,4243.6,154.9459987
40111,24315,4248.669,127.7500168
22011,15539,4252.29073,146.2861303
13279,17742,4314.5,179.947937
8087,22611,4346.6,29.49573212
36117,17731,4369.8,7.488409617
13157,40295,4409.8,13.03693379
39091,28826,4415.8,16.92864438
51031,21113,4480.5,19.65860263
27015,19690,4480.8,25.69698901
16017,19355,4488.8,23.65288603
27105,16992,4523.1,24.38802186
18109,28269,4548,27.46885029
48199,30088,4563.9,31.2341538
20113,21864,4610,21.56807861
26087,24357,4669.028,28.52421999
42005,33859,4733.8,42.24854647
33019,12932,4794.666,35.47638807
26149,33332,4823.9,31.12406741
18029,35206,4826.1,40.67922592
29195,17463,4858.873,40.38524986
46081,21161,4873.894,55.12014948
13233,22226,4909.8,63.04535758
27017,21911,4910.7,72.57739871
31043,15616,4925.8,32.75068621
29147,16096,4934.824,77.25771438
53001,15290,4987.8,44.98862658
37065,16731,5004.4,74.5875112
39037,25404,5012.4,73.12381489
48233,18785,5023.9,82.25064894
72051,22835,5025.383,57.6561311
72091,19703,5063.944,66.68952864
35028,18417,5081.7,62.56001686
17021,25435,5096.1,67.80118393
41013,12650,5140.1,79.39626359
18103,19170,5147.7,97.80430155
19111,26339,5177,87.00152959
29027,18949,5185.4,94.09585709
19123,16149,5209.3,119.4174272
56039,21460,5274.534,102.9601849
48171,14376,5293.9,119.510841
19015,17714,5387.9,141.9734554
24047,36492,5412,154.9459987
72119,19295,5628.28,127.7500168
21017,13911,5714.753,146.2861303
56013,27850,5814.7,179.947937
18099,22369,5821.5,29.49573212
47117,15197,5843.9,7.488409617
39027,21992,5878.738,13.03693379
55015,28095,5881.5,16.92864438
17073,34610,5948,19.65860263
22067,13496,5965.3,25.69698901
29091,17624,5980.437,23.65288603
47051,21711,6026.3,24.38802186
31067,16110,6114.4,27.46885029
51735,12271,6243.813,31.2341538
42047,21427,6306.609,21.56807861
20059,16382,6377.076,28.52421999
20035,26370,6441.6,42.24854647
5063,19318,6459,35.47638807
28043,13521,6460.369,31.12406741
13305,13472,6466,40.67922592
29145,21187,6599.4,40.38524986
41041,38688,6650.4,55.12014948
40153,13805,6657.1,63.04535758
55043,33035,6704.896,72.57739871
13087,12970,6723.78,32.75068621
22119,23194,6950.661,77.25771438
40039,23779,6986.5,44.98862658
13049,12942,7045.6,74.5875112
16053,13244,7073.4,73.12381489
8045,48305,7223.577,82.25064894
18031,15825,7562.4,57.6561311
12003,12418,7813.669,66.68952864
45071,15401,7828.994,62.56001686
28085,11947,7889.609,67.80118393
35041,12426,8786,79.39626359
48057,14908,14916.471,97.80430155
26005,32869,1421.271,87.00152959
5059,13836,1423.3,94.09585709
26165,15734,1432.2,119.4174272
35006,24725,1433.5,102.9601849
45043,20999,1436.805,119.510841
42111,30494,1451.7,141.9734554
13081,12283,1465.038,154.9459987
1005,16631,1475,127.7500168
51009,13845,1477.6,146.2861303
40083,16735,1499.131,179.947937
48481,25076,1504.1,29.49573212
56041,15987,1504.5,7.488409617
17105,26662,1517.692,13.03693379
40009,17431,1524,16.92864438
35017,23400,1548,19.65860263
19059,19433,1552.1,25.69698901
8119,14585,1557,23.65288603
29007,16967,1585.6,24.38802186
22117,15833,1613.9,27.46885029
47029,11793,1619,31.2341538
5027,14112,1625.223,21.56807861
39079,18964,1627.1,28.52421999
4017,91553,1639,42.24854647
16013,20156,1652,35.47638807
18143,15526,1654,31.12406741
39021,17562,1664.814,40.67922592
32005,44859,1676.8,40.38524986
48415,11747,1688,55.12014948
19101,14167,1709.754,63.04535758
21173,14260,1729.377,72.57739871
18151,16406,1760,32.75068621
39031,15835,1807,77.25771438
42083,21743,1838.9,44.98862658
18079,15368,1883.8,74.5875112
39107,22374,2006.7,73.12381489
47169,11284,2009.059,82.25064894
42033,43609,2012.7,57.6561311
48115,11711,2099.6,66.68952864
33007,12772,2197.455,62.56001686
26059,17819,2199.145,67.80118393
27061,23201,2200.041,79.39626359
72067,11190,2209.3,97.80430155
41015,17699,2228.867,87.00152959
13017,11135,2244.4,94.09585709
42061,21242,2251.082,119.4174272
21083,14262,2270.1,102.9601849
24039,18036,2298.751,119.510841
21161,11735,2303.2,141.9734554
45069,14614,2320.2,154.9459987
38077,14594,2329.661,127.7500168
29167,14029,2350.187,146.2861303
19021,16563,2356.77,179.947937
47099,14939,2365.4,29.49573212
45059,25344,2393.045,7.488409617
72043,15882,2394.1,13.03693379
40139,16334,2420.342,16.92864438
48163,17078,2453.7,19.65860263
34009,59953,2472.163,25.69698901
19041,12925,2497.576,23.65288603
18001,19015,2509.1,24.38802186
46027,11626,2511.8,27.46885029
13053,10907,2543.966,31.2341538
54083,14565,2559.7,21.56807861
51065,11091,2561.526,28.52421999
51019,18887,2600.824,42.24854647
72125,11955,2675.245,35.47638807
27025,41817,2685.1,31.12406741
32013,11514,2733.951,40.67922592
26105,12590,2747.2,40.38524986
5103,13815,2826.645,55.12014948
72005,16566,2836.2,63.04535758
5019,14473,2928.8,72.57739871
17141,35336,2934.56,32.75068621
51093,22570,2947.9,77.25771438
39161,13990,3009,44.98862658
40087,32653,3035.3,74.5875112
2130,11037,3036.573,73.12381489
8003,12047,3055.857,82.25064894
13257,11245,3088.4,57.6561311
36089,16846,3106.6,66.68952864
55045,20463,3135.365,62.56001686
20005,11658,3146.4,67.80118393
15007,66835,3154.7,79.39626359
17133,23007,3171.3,97.80430155
51720,10570,3177.059,87.00152959
18133,18685,3227.82,94.09585709
47079,11732,3228.4,119.4174272
39087,20773,3232.537,102.9601849
39011,34368,3242.819,119.510841
47183,17800,3243.7,141.9734554
54053,14657,3277.826,154.9459987
48353,12064,3286,127.7500168
55021,39882,3310.356,146.2861303
51061,29353,3320.626,179.947937
18113,23543,3328.2,29.49573212
36021,24250,3330.8,7.488409617
47143,13841,3339.1,13.03693379
28025,10404,3349.931,16.92864438
48147,18219,3357.024,19.65860263
29069,21464,3364.285,25.69698901
31047,18582,3372.2,23.65288603
13055,13194,3386.2,24.38802186
47131,17435,3387.3,27.46885029
48487,10323,3408.6,31.2341538
5107,11952,3413.233,21.56807861
19125,21311,3450.053,28.52421999
55081,23517,3460.5,42.24854647
18179,15233,3460.979,35.47638807
19017,17825,3469.438,31.12406741
30041,14425,3487.87,40.67922592
37087,21592,3509.9,40.38524986
42031,18400,3510.166,55.12014948
21213,10118,3516.9,63.04535758
55115,17660,3524.1,72.57739871
19149,16797,3529.3,32.75068621
72071,11556,3545.982,77.25771438
40145,20966,3566.959,44.98862658
27091,14613,3567.562,74.5875112
13047,21222,3569.5,73.12381489
6021,19805,3575.3,82.25064894
18169,18232,3577.539,57.6561311
16045,9889,3586.136,66.68952864
51073,12320,3588.9,62.56001686
19027,15886,3591.5,67.80118393
53031,18190,3591.6,79.39626359
20125,23948,3593.6,97.80430155
29117,10914,3596.081,87.00152959
41001,11412,3621.1,94.09585709
22053,18040,3629.517,119.4174272
56029,17179,3632.916,102.9601849
72143,13326,3647.037,119.510841
1059,14777,3656.7,141.9734554
5071,13850,3662.6,154.9459987
22063,24181,3668.3792,127.7500168
48123,18042,3676.9,146.2861303
18183,15489,3682.072,179.947937
72135,19610,3694,29.49573212
13225,14909,3698,7.488409617
29219,16708,3699.347,13.03693379
26117,17259,3708.8,16.92864438
29049,16519,3721.8,19.65860263
55069,12770,3728.757,25.69698901
26093,23482,3729.3,23.65288603
5057,10885,3774.9,24.38802186
37145,9599,3800.09203,27.46885029
6027,21058,3803.656,31.2341538
55005,22320,3805.287,21.56807861
8081,9926,3811.86321,28.52421999
45029,11484,3821.3,42.24854647
21177,16286,3822.172,35.47638807
18123,11408,3827.6,31.12406741
44009,26566,3829.7,40.67922592
47171,14670,3876.25995,40.38524986
16051,12661,3882.074,55.12014948
48371,11116,3898.10454,63.04535758
20099,14107,3902.026,72.57739871
47103,13472,3919.597,32.75068621
37037,18342,3921.941,77.25771438
29165,29191,3928,44.98862658
35027,14685,3958.71855,74.5875112
48325,24143,3960.7,73.12381489
30017,9455,3972,82.25064894
47075,9855,3976.4,57.6561311
26101,13528,4039.8,66.68952864
5043,10299,4077.1,62.56001686
27097,15480,4106.9,67.80118393
39171,22019,4116.5,79.39626359
48185,11230,4139.07068,97.80430155
40097,19411,4160,87.00152959
13131,9946,4173.874,94.09585709
29053,11755,4184,119.4174272
48445,10146,4222.10908,102.9601849
51015,36048,4243.6,119.510841
8037,52473,4248.669,141.9734554
41031,19275,4252.29073,154.9459987
37163,16721,4314.5,127.7500168
47105,22833,4346.6,146.2861303
27005,13720,4369.8,179.947937
51678,9264,4409.8,29.49573212
72121,11665,4415.8,7.488409617
27113,9540,4480.5,13.03693379
30023,9140,4480.8,16.92864438
45087,13688,4488.8,19.65860263
29009,19706,4523.1,25.69698901
19157,13153,4548,23.65288603
1053,19788,4563.9,24.38802186
42007,73454,4610,27.46885029
45033,11132,4669.028,31.2341538
17187,11745,4733.8,21.56807861
30067,12517,4794.666,28.52421999
22115,25588,4823.9,42.24854647
20133,11434,4826.1,35.47638807
28133,17335,4858.873,31.12406741
21185,24714,4873.894,40.67922592
72047,9031,4909.8,40.38524986
23003,16600,4910.7,55.12014948
29207,16227,4925.8,63.04535758
8029,18653,4934.824,72.57739871
27161,12644,4987.8,32.75068621
45023,14624,5004.4,77.25771438
29083,13794,5012.4,44.98862658
55029,11317,5023.9,74.5875112
17165,16093,5025.383,73.12381489
21167,10029,5063.944,82.25064894
50011,10183,5081.7,57.6561311
47047,17079,5096.1,66.68952864
54045,21008,5140.1,62.56001686
40079,28983,5147.7,67.80118393
72023,23590,5177,79.39626359
27079,22817,5185.4,97.80430155
2150,12048,5209.3,87.00152959
55085,10498,5274.534,94.09585709
22039,17530,5293.9,119.4174272
1021,14223,5387.9,102.9601849
48503,12427,5412,119.510841
28145,9492,5628.28,141.9734554
8083,12423,5714.753,154.9459987
18051,20651,5814.7,127.7500168
17159,9909,5821.5,146.2861303
17083,10402,5843.9,179.947937
29217,10437,5878.738,29.49573212
29157,9910,5881.5,7.488409617
1039,20637,5948,13.03693379
19087,13749,5965.3,16.92864438
72131,9827,5980.437,19.65860263
48475,10660,6026.3,25.69698901
51185,25029,6114.4,23.65288603
23013,8616,6243.813,24.38802186
51147,10323,6306.609,27.46885029
2122,61085,6377.076,31.2341538
8097,11556,6441.6,21.56807861
6005,31316,6459,28.52421999
17055,28901,6460.369,42.24854647
51620,8549,6466,35.47638807
27119,21166,6599.4,31.12406741
56007,12759,6650.4,40.67922592
48357,8512,6657.1,40.38524986
26037,23596,6704.896,55.12014948
28117,9240,6723.78,63.04535758
40135,28229,6950.661,72.57739871
2220,8493,6986.5,32.75068621
5001,13128,7045.6,77.25771438
48217,16169,7073.4,44.98862658
47053,30470,7223.577,74.5875112
51003,32435,7562.4,73.12381489
48373,26397,7813.669,82.25064894
18181,15473,7828.994,57.6561311
51137,15321,7889.609,66.68952864
17045,11549,8786,62.56001686
26137,8953,14916.471,67.80118393
12131,19601,1421.271,79.39626359
48473,26391,1423.3,97.80430155
54097,8351,1432.2,87.00152959
35053,11769,1433.5,94.09585709
22065,9158,1436.805,119.4174272
23023,8338,1451.7,102.9601849
26047,12686,1465.038,119.510841
41057,17863,1475,141.9734554
48111,8849,1477.6,154.9459987
29109,18215,1499.131,127.7500168
47071,12095,1504.1,146.2861303
13271,10661,1504.5,179.947937
8071,10017,1517.692,29.49573212
39065,18634,1524,7.488409617
26159,26337,1548,13.03693379
54051,13441,1552.1,16.92864438
19047,12371,1557,19.65860263
6051,13560,1585.6,25.69698901
42059,16540,1613.9,23.65288603
13189,8757,1619,24.38802186
17157,24118,1625.223,27.46885029
39069,14267,1627.1,31.2341538
36079,36007,1639,21.56807861
47089,19019,1652,28.52421999
23009,8180,1654,42.24854647
39105,12161,1664.814,35.47638807
39135,21028,1676.8,31.12406741
1087,9872,1688,40.67922592
21193,9515,1709.754,40.38524986
53047,21916,1729.377,55.12014948
54019,20840,1760,63.04535758
31013,8887,1807,72.57739871
17039,11824,1838.9,32.75068621
40113,20940,1883.8,77.25771438
19191,11118,2006.7,44.98862658
48493,13406,2009.059,74.5875112
47097,12094,2012.7,73.12381489
39055,24141,2099.6,82.25064894
21205,8293,2197.455,57.6561311
26109,9686,2199.145,66.68952864
18021,11650,2200.041,62.56001686
48281,9983,2209.3,67.80118393
8089,14829,2228.867,79.39626359
12039,20529,2244.4,97.80430155
39073,10542,2251.082,87.00152959
18137,15156,2270.1,94.09585709
51197,11228,2298.751,119.4174272
31177,11010,2303.2,102.9601849
47077,9493,2320.2,119.510841
49041,18526,2329.661,141.9734554
48165,11201,2350.187,154.9459987
51191,12261,2356.77,127.7500168
31185,10291,2365.4,146.2861303
55003,10434,2393.045,179.947937
17011,24592,2394.1,29.49573212
38053,9275,2420.342,7.488409617
51580,7832,2453.7,13.03693379
72009,9078,2472.163,16.92864438
36073,18018,2497.576,19.65860263
28093,9475,2509.1,25.69698901
39025,55010,2511.8,23.65288603
55067,8811,2543.966,24.38802186
45025,15517,2559.7,27.46885029
13107,11674,2561.526,31.2341538
48241,14495,2600.824,21.56807861
5037,9563,2675.245,28.52421999
8015,14249,2685.1,42.24854647
51083,12089,2733.951,35.47638807
16075,14707,2747.2,31.12406741
40041,21112,2826.645,40.67922592
42001,43789,2836.2,40.38524986
27039,14335,2928.8,55.12014948
19175,9222,2934.56,63.04535758
20011,8645,2947.9,72.57739871
19079,10128,3009,32.75068621
26015,15224,3035.3,77.25771438
51089,17919,3036.573,44.98862658
20191,20337,3055.857,74.5875112
22003,12535,3088.4,73.12381489
8099,9400,3106.6,82.25064894
29225,15106,3135.365,57.6561311
38071,8210,3146.4,66.68952864
55135,29634,3154.7,62.56001686
28137,9143,3171.3,67.80118393
72077,9618,3177.059,79.39626359
19167,27211,3227.82,97.80430155
72089,10096,3228.4,87.00152959
47055,10178,3232.537,94.09585709
13295,26154,3242.819,119.4174272
31145,8551,3243.7,102.9601849
51195,17193,3277.826,119.510841
48177,11778,3286,141.9734554
21195,12291,3310.356,154.9459987
6093,27001,3320.626,127.7500168
36017,7895,3328.2,146.2861303
17033,11250,3330.8,179.947937
72063,12935,3339.1,29.49573212
5067,12303,3349.931,7.488409617
36105,20493,3357.024,13.03693379
22047,19465,3364.285,16.92864438
51173,15283,3372.2,19.65860263
39051,22275,3386.2,25.69698901
36033,10392,3387.3,23.65288603
1013,9495,3408.6,24.38802186
72029,24413,3413.233,27.46885029
53003,20842,3450.053,31.2341538
22077,13423,3460.5,21.56807861
19067,10553,3460.979,28.52421999
28099,12729,3469.438,42.24854647
48293,13819,3487.87,35.47638807
51171,22180,3509.9,31.12406741
37047,21705,3510.166,40.67922592
49039,27287,3516.9,40.38524986
13187,7294,3524.1,55.12014948
31131,11264,3529.3,63.04535758
45053,12295,3545.982,72.57739871
56015,8623,3566.959,32.75068621
49019,7727,3567.562,77.25771438
46079,9269,3569.5,44.98862658
24035,24879,3575.3,74.5875112
48507,11298,3577.539,73.12381489
37113,8220,3586.136,82.25064894
49013,10661,3588.9,57.6561311
19183,13815,3591.5,66.68952864
28107,10746,3591.6,62.56001686
31159,11689,3593.6,67.80118393
21235,14542,3596.081,79.39626359
8051,9997,3621.1,97.80430155
72141,8381,3629.517,87.00152959
17101,12543,3632.916,94.09585709
48299,17771,3647.037,119.4174272
72129,8756,3656.7,102.9601849
12121,7850,3662.6,119.510841
21141,10178,3668.3792,141.9734554
48053,24128,3676.9,154.9459987
48497,31226,3682.072,127.7500168
21089,18188,3694,146.2861303
72151,13702,3698,179.947937
13171,7827,3699.347,29.49573212
36115,7056,3708.8,7.488409617
18049,9073,3721.8,13.03693379
40133,13374,3728.757,16.92864438
22009,21540,3729.3,19.65860263
35051,9456,3774.9,25.69698901
6009,32265,3800.09203,23.65288603
17185,7961,3803.656,24.38802186
31151,11322,3805.287,27.46885029
13075,10135,3811.86321,31.2341538
17135,23268,3821.3,21.56807861
5111,15171,3822.172,28.52421999
30081,13405,3827.6,42.24854647
21085,8798,3829.7,35.47638807
21115,6952,3876.25995,31.12406741
13143,11830,3882.074,40.67922592
17051,10997,3898.10454,40.38524986
46093,14442,3902.026,55.12014948
54025,18105,3919.597,63.04535758
5023,9831,3921.941,72.57739871
6011,18362,3928,32.75068621
12123,7661,3958.71855,77.25771438
24029,11738,3960.7,44.98862658
37169,9486,3972,74.5875112
40089,14046,3976.4,73.12381489
72085,7919,4039.8,82.25064894
5003,14979,4077.1,57.6561311
18129,9847,4106.9,66.68952864
45067,12349,4116.5,62.56001686
28095,14232,4139.07068,67.80118393
72055,10773,4160,79.39626359
16067,11875,4173.874,97.80430155
13237,7177,4184,87.00152959
28007,7357,4222.10908,94.09585709
51165,35615,4243.6,119.4174272
46083,20968,4248.669,102.9601849
23027,6679,4252.29073,119.510841
47073,21430,4314.5,141.9734554
13303,11629,4346.6,154.9459987
27093,11721,4369.8,127.7500168
5121,8170,4409.8,146.2861303
5029,8842,4415.8,179.947937
72075,25131,4480.5,29.49573212
21183,11136,4480.8,7.488409617
39071,16545,4488.8,13.03693379
48495,7641,4523.1,16.92864438
1091,9642,4548,19.65860263
1093,17165,4563.9,25.69698901
2050,18001,4610,23.65288603
1009,17793,4669.028,24.38802186
48071,20409,4733.8,27.46885029
5075,12326,4794.666,31.2341538
13117,6547,4823.9,21.56807861
31025,13549,4826.1,28.52421999
5133,8587,4858.873,42.24854647
19029,9571,4873.894,35.47638807
39013,34162,4909.8,31.12406741
40015,16390,4910.7,40.67922592
21231,6499,4925.8,40.38524986
20151,7135,4934.824,55.12014948
13205,11125,4987.8,63.04535758
47127,6488,5004.4,72.57739871
51530,6478,5012.4,32.75068621
55023,9680,5023.9,77.25771438
21071,10328,5025.383,44.98862658
36123,9814,5063.944,74.5875112
28091,6937,5081.7,73.12381489
30083,7884,5096.1,82.25064894
30021,8251,5140.1,57.6561311
26053,10357,5147.7,66.68952864
48015,13592,5177,62.56001686
51595,6443,5185.4,67.80118393
39175,12284,5209.3,79.39626359
19065,13566,5274.534,97.80430155
48365,7554,5293.9,87.00152959
38003,7428,5387.9,94.09585709
18175,9202,5412,119.4174272
56009,9600,5628.28,102.9601849
17005,9319,5714.753,119.510841
20041,12702,5814.7,141.9734554
48225,9094,5821.5,154.9459987
18139,8732,5843.9,127.7500168
27071,7978,5878.738,146.2861303
49023,10704,5881.5,179.947937
37099,10304,5948,29.49573212
13227,10732,5965.3,7.488409617
54057,11244,5980.437,13.03693379
47023,6549,6026.3,16.92864438
21097,6616,6114.4,19.65860263
28073,14942,6243.813,25.69698901
31037,8128,6306.609,23.65288603
18159,8006,6377.076,24.38802186
51640,6347,6441.6,27.46885029
13321,7920,6459,31.2341538
18173,14724,6460.369,21.56807861
19129,8939,6466,28.52421999
48255,11433,6599.4,42.24854647
22121,15761,6650.4,35.47638807
13091,8821,6657.1,31.12406741
28115,9543,6704.896,40.67922592
4001,39639,6723.78,40.38524986
18165,11086,6950.661,55.12014948
13023,6131,6986.5,63.04535758
19019,13534,7045.6,72.57739871
42065,20181,7073.4,32.75068621
31033,7234,7223.577,77.25771438
21033,6511,7562.4,44.98862658
40049,15790,7813.669,74.5875112
51179,18563,7828.994,73.12381489
48043,6774,7889.609,82.25064894
21095,16564,8786,57.6561311
72015,10260,14916.471,66.68952864
48075,6048,1421.271,62.56001686
48127,8685,1423.3,67.80118393
21121,7723,1432.2,79.39626359
18073,13677,1433.5,97.80430155
17127,7137,1436.805,87.00152959
19097,11797,1451.7,94.09585709
18075,11766,1465.038,119.4174272
17145,13199,1475,102.9601849
30027,7101,1477.6,119.510841
28159,6421,1499.131,141.9734554
51067,16177,1504.1,154.9459987
35007,9463,1504.5,127.7500168
8007,6253,1517.692,146.2861303
48499,16600,1524,179.947937
17117,34642,1548,29.49573212
1111,8395,1552.1,7.488409617
42109,16749,1557,13.03693379
37141,15653,1585.6,16.92864438
47123,14246,1613.9,19.65860263
13193,8709,1619,25.69698901
26027,10222,1625.223,23.65288603
54103,7259,1627.1,24.38802186
17027,25184,1639,27.46885029
48279,10609,1652,31.2341538
13147,12254,1654,21.56807861
72041,8352,1664.814,28.52421999
21155,7070,1676.8,42.24854647
17017,9294,1688,35.47638807
12063,16914,1709.754,31.12406741
48239,9107,1729.377,40.67922592
29079,6785,1760,40.38524986
51149,7799,1807,55.12014948
20121,15437,1838.9,63.04535758
1099,8552,1883.8,72.57739871
48505,13716,2006.7,32.75068621
54091,6020,2009.059,77.25771438
20067,5711,2012.7,44.98862658
42119,16578,2099.6,74.5875112
46019,6707,2197.455,73.12381489
13167,5915,2199.145,82.25064894
19063,7191,2200.041,57.6561311
18009,7530,2209.3,66.68952864
31179,6593,2228.867,62.56001686
29177,11800,2244.4,67.80118393
12007,7210,2251.082,79.39626359
18061,8364,2270.1,97.80430155
48019,7799,2298.751,87.00152959
40151,6941,2303.2,94.09585709
45089,10956,2320.2,119.4174272
17181,9478,2329.661,102.9601849
29163,10623,2350.187,119.510841
22031,11304,2356.77,141.9734554
18055,13400,2365.4,154.9459987
42127,14280,2393.045,127.7500168
5011,6474,2394.1,146.2861303
48145,8995,2420.342,179.947937
17203,23880,2453.7,29.49573212
16041,7712,2472.163,7.488409617
8065,7798,2497.576,13.03693379
72037,7817,2509.1,16.92864438
5015,13284,2511.8,19.65860263
40035,7385,2543.966,25.69698901
37003,11564,2559.7,23.65288603
19105,11906,2561.526,24.38802186
28123,10918,2600.824,27.46885029
17147,10940,2675.245,31.2341538
48335,6834,2685.1,21.56807861
48067,11836,2733.951,28.52421999
16087,6003,2747.2,42.24854647
26035,9912,2826.645,35.47638807
13001,6007,2836.2,31.12406741
13105,6505,2928.8,40.67922592
48331,13212,2934.56,40.38524986
40063,8182,2947.9,55.12014948
5113,7658,3009,63.04535758
48429,5478,3035.3,72.57739871
47185,6053,3036.573,32.75068621
29133,10304,3055.857,77.25771438
42025,36142,3088.4,44.98862658
20193,6117,3106.6,74.5875112
19007,7946,3135.365,73.12381489
47115,15821,3146.4,82.25064894
55053,8130,3154.7,57.6561311
13033,7223,3171.3,66.68952864
13035,6454,3177.059,62.56001686
47111,6549,3227.82,67.80118393
48501,7068,3228.4,79.39626359
31045,6414,3232.537,97.80430155
22029,13002,3242.819,87.00152959
31137,6808,3243.7,94.09585709
19109,9544,3277.826,119.4174272
37059,10247,3286,102.9601849
55047,9591,3310.356,119.510841
48149,10327,3320.626,141.9734554
19121,8382,3328.2,154.9459987
50025,8936,3330.8,127.7500168
39121,6230,3339.1,146.2861303
13311,6707,3349.931,179.947937
30047,15204,3357.024,29.49573212
19145,11877,3364.285,7.488409617
72011,9839,3372.2,13.03693379
29155,12163,3386.2,16.92864438
29121,8397,3387.3,19.65860263
21225,10448,3408.6,25.69698901
22049,7295,3413.233,23.65288603
27149,6797,3450.053,24.38802186
47017,13686,3460.5,27.46885029
29003,8821,3460.979,31.2341538
48307,5470,3469.438,21.56807861
1007,13365,3487.87,28.52421999
20001,8812,3509.9,42.24854647
21043,6833,3510.166,35.47638807
19137,7501,3516.9,31.12406741
37007,9884,3524.1,40.67922592
28139,7920,3529.3,40.38524986
13235,5270,3545.982,55.12014948
13207,5456,3566.959,63.04535758
48287,6476,3567.562,72.57739871
72133,12084,3569.5,32.75068621
29107,20364,3575.3,77.25771438
19039,6138,3577.539,44.98862658
34033,17364,3586.136,74.5875112
18135,14938,3588.9,73.12381489
48459,9106,3591.5,82.25064894
48419,8682,3591.6,57.6561311
72103,10638,3593.6,66.68952864
37117,8186,3596.081,62.56001686
18045,11214,3621.1,67.80118393
47153,6302,3629.517,79.39626359
12129,6890,3632.916,97.80430155
27157,13861,3647.037,87.00152959
39137,16836,3656.7,94.09585709
72111,10509,3662.6,119.4174272
53065,11780,3668.3792,102.9601849
19091,7823,3676.9,119.510841
48169,5115,3682.072,141.9734554
48337,10848,3694,154.9459987
17193,8021,3698,127.7500168
72123,18017,3699.347,146.2861303
40023,7230,3708.8,179.947937
19141,10747,3721.8,23.65288603
19011,17384,3728.757,24.38802186
19083,12616,3729.3,27.46885029
4011,8189,3774.9,31.2341538
27023,7207,3800.09203,21.56807861
40099,8234,3803.656,28.52421999
27055,11314,3805.287,42.24854647
56043,5274,3811.86321,35.47638807
13267,8755,3821.3,31.12406741
45001,9793,3822.172,40.67922592
48017,5019,3827.6,40.38524986
48063,5063,3829.7,55.12014948
20029,6906,3876.25995,63.04535758
19055,8223,3882.074,72.57739871
27095,11516,3898.10454,32.75068621
22041,6664,3902.026,77.25771438
27127,9863,3919.597,44.98862658
4012,18879,3921.941,74.5875112
21041,5843,3928,73.12381489
37093,10989,3958.71855,82.25064894
55103,7589,3960.7,57.6561311
12047,6569,3972,66.68952864
17191,7493,3976.4,62.56001686
47069,11177,4039.8,67.80118393
49025,6561,4077.1,79.39626359
5053,6479,4106.9,97.80430155
28029,11767,4116.5,87.00152959
29065,4919,4139.07068,94.09585709
40073,8560,4160,119.4174272
51099,10634,4173.874,102.9601849
47041,6630,4184,119.510841
39127,16183,4222.10908,141.9734554
24011,13286,4243.6,154.9459987
19035,7891,4248.669,127.7500168
35037,6154,4252.29073,146.2861303
17025,7455,4314.5,179.947937
13019,7970,4346.6,29.49573212
51139,8852,4369.8,7.488409617
40103,6669,4409.8,13.03693379
26157,16549,4415.8,16.92864438
48047,5259,4480.5,19.65860263
45037,8879,4480.8,25.69698901
28153,5731,4488.8,23.65288603
47021,14357,4523.1,24.38802186
30001,5112,4548,27.46885029
21051,5214,4563.9,31.2341538
20149,11000,4610,21.56807861
28079,7787,4669.028,28.52421999
51005,6255,4733.8,42.24854647
47033,8836,4794.666,35.47638807
17075,17718,4823.9,31.12406741
19165,7632,4826.1,40.67922592
29221,5687,4858.873,40.38524986
36051,13261,4873.894,55.12014948
54041,5150,4909.8,63.04535758
37091,8996,4910.7,72.57739871
17173,11592,4925.8,32.75068621
55049,13054,4934.824,77.25771438
48313,4982,4987.8,44.98862658
20021,13059,5004.4,74.5875112
45027,7058,5012.4,73.12381489
21001,4734,5023.9,82.25064894
22127,6089,5025.383,57.6561311
40095,7944,5063.944,66.68952864
1067,7884,5081.7,62.56001686
29131,8142,5096.1,67.80118393
29229,7189,5140.1,79.39626359
26031,7598,5147.7,97.80430155
45061,5021,5177,87.00152959
24023,10788,5185.4,94.09585709
29029,15187,5209.3,119.4174272
17041,15006,5274.534,102.9601849
5135,10271,5293.9,119.510841
19171,12140,5387.9,141.9734554
13211,6076,5412,154.9459987
48437,6004,5628.28,127.7500168
42093,4923,5714.753,146.2861303
1025,11107,5814.7,179.947937
37121,5075,5821.5,29.49573212
48247,4977,5843.9,7.488409617
48343,8400,5878.738,13.03693379
72045,4624,5881.5,16.92864438
12013,5109,5948,19.65860263
37041,4614,5965.3,25.69698901
51177,7478,5980.437,23.65288603
45039,7265,6026.3,24.38802186
72079,7567,6114.4,27.46885029
34019,24260,6243.813,31.2341538
56019,4853,6306.609,21.56807861
13099,5031,6377.076,28.52421999
21003,4568,6441.6,42.24854647
21157,8241,6459,35.47638807
13169,4563,6460.369,31.12406741
17139,7721,6466,40.67922592
31155,12767,6599.4,40.38524986
31081,6177,6650.4,55.12014948
1011,5013,6657.1,63.04535758
55083,11141,6704.896,72.57739871
5149,9570,6723.78,32.75068621
28131,4541,6950.661,77.25771438
17053,10425,6986.5,44.98862658
27133,6085,7045.6,74.5875112
51117,10733,7073.4,73.12381489
72059,6797,7223.577,82.25064894
13161,5101,7562.4,57.6561311
31101,5825,7813.669,66.68952864
26123,10254,7828.994,62.56001686
48131,8820,7889.609,67.80118393
21081,11192,8786,79.39626359
20181,4623,14916.471,97.80430155
48457,7866,1421.271,87.00152959
51043,5720,1423.3,94.09585709
2185,8984,1432.2,119.4174272
21099,6745,1433.5,102.9601849
2016,5459,1436.805,119.510841
20167,5686,1451.7,141.9734554
29135,8587,1465.038,154.9459987
29186,6119,1475,127.7500168
55123,11950,1477.6,146.2861303
27165,7783,1499.131,179.947937
5081,6409,1504.1,29.49573212
21137,5702,1504.5,7.488409617
32033,5608,1517.692,13.03693379
27033,7801,1524,16.92864438
5061,6866,1548,19.65860263
48237,5136,1552.1,25.69698901
48051,6379,1557,23.65288603
22035,4361,1585.6,24.38802186
55057,11397,1613.9,27.46885029
48395,8091,1619,31.2341538
18153,9147,1625.223,21.56807861
47025,11230,1627.1,28.52421999
16077,5752,1639,42.24854647
37061,15335,1652,35.47638807
5041,8983,1654,31.12406741
20145,4843,1664.814,40.67922592
51199,4629,1676.8,40.38524986
29011,6365,1688,55.12014948
45011,10431,1709.754,63.04535758
47109,10058,1729.377,72.57739871
13213,5192,1760,32.75068621
48103,4290,1807,77.25771438
1061,12689,1838.9,44.98862658
55119,6622,1883.8,74.5875112
1057,6054,2006.7,73.12381489
48083,5409,2009.059,82.25064894
49029,8126,2012.7,57.6561311
72115,7180,2099.6,66.68952864
47151,8008,2197.455,62.56001686
72054,4848,2199.145,67.80118393
72001,4258,2200.041,79.39626359
50019,7262,2209.3,97.80430155
42067,8722,2228.867,87.00152959
17149,10230,2244.4,94.09585709
39015,16323,2251.082,119.4174272
48283,5100,2270.1,102.9601849
53049,11391,2298.751,119.510841
26069,10035,2303.2,141.9734554
39131,6808,2320.2,154.9459987
27057,5485,2329.661,127.7500168
29123,5538,2350.187,146.2861303
29115,8173,2356.77,179.947937
37053,4721,2365.4,29.49573212
30053,9535,2393.045,7.488409617
19069,6719,2394.1,13.03693379
21079,4201,2420.342,16.92864438
48093,6863,2453.7,19.65860263
8105,6610,2472.163,25.69698901
48089,11068,2497.576,23.65288603
38099,7307,2509.1,24.38802186
47085,7751,2511.8,27.46885029
72017,12356,2543.966,31.2341538
1133,6937,2559.7,21.56807861
19117,5152,2561.526,28.52421999
26029,12819,2600.824,42.24854647
13273,4884,2675.245,35.47638807
18121,6788,2685.1,31.12406741
21197,5213,2733.951,40.67922592
31147,5813,2747.2,40.38524986
36107,5152,2826.645,55.12014948
41025,5764,2836.2,63.04535758
54073,4973,2928.8,72.57739871
27159,6752,2934.56,32.75068621
19073,6334,2947.9,77.25771438
48069,5410,3009,44.98862658
28127,7100,3035.3,74.5875112
48377,5841,3036.573,73.12381489
12059,5503,3055.857,82.25064894
72027,8946,3088.4,57.6561311
54035,7973,3106.6,66.68952864
51071,8717,3135.365,62.56001686
40001,12180,3146.4,67.80118393
47133,4049,3154.7,79.39626359
45049,10315,3171.3,97.80430155
27117,6483,3177.059,87.00152959
42053,4045,3227.82,94.09585709
28053,5097,3228.4,119.4174272
72065,12432,3232.537,102.9601849
51033,6932,3242.819,119.510841
19189,7880,3243.7,141.9734554
21127,4058,3277.826,154.9459987
22083,8504,3286,127.7500168
13287,4834,3310.356,146.2861303
29013,7993,3320.626,179.947937
22059,8212,3328.2,23.65288603
20027,5351,3330.8,24.38802186
37069,11825,3339.1,27.46885029
28057,5554,3349.931,31.2341538
42103,24950,3357.024,21.56807861
54005,6328,3364.285,28.52421999
47095,5594,3372.2,42.24854647
13199,7125,3386.2,35.47638807
13229,5161,3387.3,31.12406741
28097,6167,3408.6,40.67922592
13317,4644,3413.233,40.38524986
51135,7784,3450.053,55.12014948
18111,9551,3460.5,63.04535758
51143,9083,3460.979,72.57739871
13043,4205,3469.438,32.75068621
37009,5396,3487.87,77.25771438
72081,3925,3509.9,44.98862658
41049,8351,3510.166,74.5875112
30003,8640,3516.9,73.12381489
39117,8564,3524.1,82.25064894
12037,9912,3529.3,57.6561311
48059,6444,3545.982,66.68952864
2180,9854,3566.959,62.56001686
48467,17457,3567.562,67.80118393
2261,8438,3569.5,79.39626359
17009,4509,3575.3,97.80430155
48133,12231,3577.539,87.00152959
12133,5525,3586.136,94.09585709
55019,15664,3588.9,119.4174272
13177,4465,3591.5,102.9601849
47101,3813,3591.6,119.510841
17023,8460,3593.6,141.9734554
48369,6876,3596.081,154.9459987
26039,3790,3621.1,127.7500168
5083,9418,3629.517,146.2861303
20189,4075,3632.916,179.947937
51193,4163,3647.037,29.49573212
12045,5896,3656.7,7.488409617
1019,7671,3662.6,13.03693379
21075,5960,3668.3792,16.92864438
20171,3748,3676.9,19.65860263
17061,9728,3682.072,25.69698901
19089,5894,3694,23.65288603
12029,3907,3698,24.38802186
22111,7002,3699.347,27.46885029
12079,4886,3708.8,31.2341538
13155,3732,3721.8,21.56807861
22037,6994,3728.757,28.52421999
16043,6393,3729.3,42.24854647
5039,4375,3774.9,35.47638807
13123,4310,3800.09203,31.12406741
32015,3905,3803.656,40.67922592
37187,4469,3805.287,40.38524986
30085,8164,3811.86321,55.12014948
19147,6479,3821.3,63.04535758
46102,8720,3822.172,72.57739871
19135,4294,3827.6,32.75068621
72099,5557,3829.7,77.25771438
37123,9311,3876.25995,44.98862658
27065,4307,3882.074,74.5875112
13027,4805,3898.10454,73.12381489
48399,6962,3902.026,82.25064894
8039,6805,3919.597,57.6561311
49037,9457,3921.941,66.68952864
47005,4232,3928,62.56001686
18117,8090,3958.71855,67.80118393
31095,4823,3960.7,79.39626359
20123,4830,3972,97.80430155
19005,7579,3976.4,87.00152959
8011,3751,4039.8,94.09585709
13241,5786,4077.1,119.4174272
29039,5826,4106.9,102.9601849
45081,4446,4116.5,119.510841
49027,9878,4139.07068,141.9734554
16047,7512,4160,154.9459987
16085,5187,4173.874,127.7500168
5047,7426,4184,146.2861303
13191,3580,4222.10908,179.947937
31089,6346,4243.6,29.49573212
16035,4732,4248.669,7.488409617
55095,16011,4252.29073,13.03693379
39053,5218,4314.5,16.92864438
19131,5914,4346.6,19.65860263
40105,5170,4369.8,25.69698901
13093,8262,4409.8,23.65288603
18149,9059,4415.8,24.38802186
40141,5747,4480.5,27.46885029
47081,6662,4480.8,31.2341538
27075,5641,4488.8,21.56807861
5021,9780,4523.1,28.52421999
1035,4324,4548,42.24854647
21175,3660,4563.9,35.47638807
48161,8102,4610,31.12406741
53039,10951,4669.028,40.67922592
20159,7422,4733.8,40.38524986
46047,4344,4794.666,55.12014948
31041,6514,4823.9,63.04535758
36097,5952,4826.1,72.57739871
8125,6335,4858.873,32.75068621
29033,5229,4873.894,77.25771438
56031,5706,4909.8,44.98862658
21123,4409,4910.7,74.5875112
48035,9670,4925.8,73.12381489
12043,5080,4934.824,82.25064894
72007,4105,4987.8,57.6561311
17131,7577,5004.4,66.68952864
46129,4356,5012.4,62.56001686
37197,7390,5023.9,67.80118393
28017,6754,5025.383,79.39626359
40075,6673,5063.944,97.80430155
39125,8143,5081.7,87.00152959
13109,4642,5096.1,94.09585709
13243,4372,5140.1,119.4174272
28135,6787,5147.7,102.9601849
1029,4962,5177,119.510841
19197,9817,5185.4,141.9734554
19037,7065,5209.3,154.9459987
5077,4080,5274.534,127.7500168
56045,4685,5293.9,146.2861303
48455,6098,5387.9,179.947937
13005,3450,5412,29.49573212
37017,8354,5628.28,7.488409617
30105,5039,5714.753,13.03693379
5127,3374,5814.7,16.92864438
37015,5714,5821.5,19.65860263
26129,6598,5843.9,25.69698901
48383,3367,5878.738,23.65288603
26143,9013,5881.5,24.38802186
72087,5220,5948,27.46885029
36031,8760,5965.3,31.2341538
42117,13231,5980.437,21.56807861
31127,4849,6026.3,28.52421999
54077,7831,6114.4,42.24854647
47159,5970,6243.813,35.47638807
13309,3968,6306.609,31.12406741
72109,4143,6377.076,40.67922592
13133,6204,6441.6,40.38524986
26153,3303,6459,55.12014948
27153,9543,6460.369,63.04535758
51023,13478,6466,72.57739871
29055,7001,6599.4,32.75068621
31039,5574,6650.4,77.25771438
13173,3282,6657.1,44.98862658
18087,5493,6704.896,74.5875112
54067,8676,6723.78,73.12381489
20117,6593,6950.661,82.25064894
39019,8554,6986.5,57.6561311
1119,7005,7045.6,66.68952864
54001,5862,7073.4,62.56001686
51101,5195,7223.577,67.80118393
48195,4493,7562.4,79.39626359
28161,4625,7813.669,97.80430155
26063,11885,7828.994,87.00152959
13085,3246,7889.609,94.09585709
2188,7202,8786,119.4174272
16049,5901,14916.471,102.9601849
1079,6079,1421.271,119.510841
20003,4315,1423.3,141.9734554
56023,13511,1432.2,154.9459987
19031,11575,1433.5,127.7500168
20085,5150,1436.805,146.2861303
12075,18133,1451.7,179.947937
39075,7693,1465.038,29.49573212
45009,7090,1475,7.488409617
54021,3334,1477.6,13.03693379
49001,5499,1499.131,16.92864438
13141,3181,1504.1,19.65860263
27063,5917,1504.5,25.69698901
48411,3482,1517.692,23.65288603
27167,4223,1524,24.38802186
16059,3275,1548,27.46885029
42131,6425,1552.1,31.2341538
19095,10059,1557,21.56807861
39067,6863,1585.6,28.52421999
39001,9392,1613.9,42.24854647
6105,10205,1619,35.47638807
17085,12134,1625.223,31.12406741
55107,4924,1627.1,40.67922592
46127,11411,1639,40.38524986
28101,8759,1652,55.12014948
28039,3153,1654,63.04535758
48207,4323,1664.814,72.57739871
13283,3148,1676.8,32.75068621
51167,6982,1688,77.25771438
27115,11473,1709.754,44.98862658
8063,4880,1729.377,74.5875112
38057,6305,1760,73.12381489
2195,3162,1807,82.25064894
40107,6048,1838.9,57.6561311
40117,6689,1883.8,66.68952864
1105,5350,2006.7,62.56001686
48077,5213,2009.059,67.80118393
20013,6422,2012.7,79.39626359
16079,9533,2099.6,97.80430155
47057,6328,2197.455,87.00152959
55121,15058,2199.145,94.09585709
27043,9275,2200.041,119.4174272
46051,4023,2209.3,102.9601849
40091,8655,2228.867,119.510841
29059,3622,2244.4,141.9734554
21221,3447,2251.082,154.9459987
40081,12832,2270.1,127.7500168
48435,3084,2298.751,146.2861303
40069,6280,2303.2,179.947937
29215,8185,2320.2,87.00152959
48387,5550,2329.661,94.09585709
30035,9794,2350.187,119.4174272
17015,8681,2356.77,102.9601849
29081,4960,2365.4,119.510841
55061,9052,2393.045,141.9734554
27151,5792,2394.1,154.9459987
29209,7382,2420.342,127.7500168
19081,7134,2453.7,146.2861303
56017,3813,2472.163,179.947937
8055,3840,2497.576,29.49573212
72003,5840,2509.1,7.488409617
17129,6855,2511.8,13.03693379
18015,6390,2543.966,16.92864438
30101,3549,2559.7,19.65860263
16029,4352,2561.526,25.69698901
5017,7125,2600.824,23.65288603
42009,8005,2675.245,24.38802186
40005,4278,2685.1,27.46885029
48193,4425,2733.951,31.2341538
17189,7388,2747.2,21.56807861
72147,3590,2826.645,28.52421999
23029,4953,2836.2,42.24854647
48317,3000,2928.8,35.47638807
21233,6999,2934.56,31.12406741
26071,5863,2947.9,40.67922592
5099,4141,3009,40.38524986
72149,2988,3035.3,55.12014948
17125,8051,3036.573,63.04535758
26095,2965,3055.857,72.57739871
21065,3523,3088.4,32.75068621
20053,4679,3106.6,77.25771438
54099,8197,3135.365,44.98862658
21229,3469,3146.4,74.5875112
31099,4159,3154.7,73.12381489
30077,3456,3171.3,82.25064894
21069,3336,3177.059,57.6561311
29143,11605,3227.82,66.68952864
12041,4841,3228.4,62.56001686
48253,8215,3232.537,67.80118393
28141,6516,3242.819,79.39626359
17079,3819,3243.7,97.80430155
13219,5137,3277.826,87.00152959
48105,2930,3286,94.09585709
45005,4825,3310.356,119.4174272
18101,4001,3320.626,102.9601849
41037,3438,3328.2,119.510841
13163,7690,3330.8,141.9734554
26051,4073,3339.1,154.9459987
28119,6568,3349.931,127.7500168
47015,3155,3357.024,146.2861303
21163,5860,3364.285,179.947937
51001,19539,3372.2,29.49573212
31121,4380,3386.2,7.488409617
54059,7406,3387.3,13.03693379
30043,9220,3408.6,16.92864438
29067,2865,3413.233,19.65860263
5137,3037,3450.053,25.69698901
48271,4212,3460.5,23.65288603
51025,4264,3460.979,24.38802186
31023,4739,3469.438,27.46885029
17169,3212,3487.87,31.2341538
20095,3950,3509.9,21.56807861
40011,7238,3510.166,28.52421999
21055,3149,3516.9,42.24854647
29149,3870,3524.1,35.47638807
40061,5007,3529.3,31.12406741
22027,5289,3545.982,40.67922592
46123,3190,3566.959,40.38524986
48211,2833,3567.562,55.12014948
53059,5438,3569.5,63.04535758
27045,13205,3575.3,72.57739871
50005,3230,3577.539,32.75068621
16073,4670,3586.136,77.25771438
29073,6437,3588.9,44.98862658
20115,7654,3591.5,74.5875112
20139,9422,3591.6,73.12381489
27135,5832,3593.6,82.25064894
8049,9355,3596.081,57.6561311
26003,2985,3621.1,66.68952864
40085,4129,3629.517,62.56001686
13165,2895,3632.916,67.80118393
26079,5651,3647.037,79.39626359
19133,5801,3656.7,97.80430155
17065,3484,3662.6,87.00152959
48391,5147,3668.3792,94.09585709
1041,4520,3676.9,119.4174272
54023,3000,3682.072,102.9601849
48159,2738,3694,119.510841
40149,7604,3698,141.9734554
20137,3431,3699.347,154.9459987
13159,2955,3708.8,127.7500168
17067,11914,3721.8,146.2861303
16021,3471,3728.757,179.947937
54009,9471,3729.3,29.49573212
53051,3831,3774.9,7.488409617
31031,3224,3800.09203,13.03693379
22013,6216,3803.656,16.92864438
48425,2699,3805.287,19.65860263
40055,4789,3811.86321,25.69698901
27173,6406,3821.3,23.65288603
22085,7533,3822.172,24.38802186
29089,5199,3827.6,27.46885029
32021,4204,3829.7,31.2341538
13315,4677,3876.25995,21.56807861
35059,2923,3882.074,28.52421999
19051,3301,3898.10454,42.24854647
29139,6447,3902.026,35.47638807
38061,7066,3919.597,31.12406741
48153,4307,3921.941,40.67922592
19075,8095,3928,40.38524986
13083,2664,3958.71855,55.12014948
40077,3546,3960.7,63.04535758
51035,4535,3972,72.57739871
16009,4040,3976.4,32.75068621
29015,5072,4039.8,77.25771438
47181,6018,4077.1,44.98862658
26141,4472,4106.9,74.5875112
48305,4339,4116.5,73.12381489
49015,9632,4139.07068,82.25064894
21207,4429,4160,57.6561311
6049,5335,4173.874,66.68952864
48285,5698,4184,62.56001686
35019,3358,4222.10908,67.80118393
28103,4141,4243.6,79.39626359
54087,2781,4248.669,97.80430155
19085,7996,4252.29073,87.00152959
1065,5381,4314.5,94.09585709
27121,5285,4346.6,119.4174272
26151,12561,4369.8,102.9601849
55113,5624,4409.8,119.510841
1063,3680,4415.8,141.9734554
39115,4109,4480.5,154.9459987
47091,2597,4480.8,127.7500168
54031,2854,4488.8,146.2861303
40093,4160,4523.1,179.947937
53013,2720,4548,29.49573212
5095,4655,4563.9,7.488409617
38069,2729,4610,13.03693379
50001,3075,4669.028,16.92864438
20131,6268,4733.8,19.65860263
21103,4423,4794.666,25.69698901
47129,4945,4823.9,23.65288603
19143,3808,4826.1,24.38802186
13065,3214,4858.873,27.46885029
55129,5178,4873.894,31.2341538
5087,2747,4909.8,21.56807861
55011,6072,4910.7,28.52421999
48297,4511,4925.8,42.24854647
53055,2562,4934.824,35.47638807
51057,2562,4987.8,31.12406741
13251,3515,5004.4,40.67922592
21203,3955,5012.4,40.38524986
42099,6594,5023.9,55.12014948
13253,2842,5025.383,63.04535758
48023,2550,5063.944,72.57739871
21143,3215,5081.7,32.75068621
20031,5217,5096.1,77.25771438
29093,4972,5140.1,44.98862658
16007,4045,5147.7,74.5875112
18047,4388,5177,73.12381489
19119,6841,5185.4,82.25064894
5141,5694,5209.3,57.6561311
72073,2517,5274.534,66.68952864
16081,4608,5293.9,62.56001686
2275,2502,5387.9,67.80118393
48197,3160,5412,79.39626359
26127,7422,5628.28,97.80430155
55137,7964,5714.753,87.00152959
8113,4707,5814.7,94.09585709
30073,3830,5821.5,119.4174272
29141,5058,5843.9,102.9601849
20147,3766,5878.738,119.510841
29137,4318,5881.5,141.9734554
21031,2672,5948,154.9459987
2240,6370,5965.3,127.7500168
47173,5664,5980.437,146.2861303
28031,3621,6026.3,179.947937
48407,4898,6114.4,23.65288603
18147,9389,6243.813,24.38802186
12065,3524,6306.609,27.46885029
42105,5292,6377.076,31.2341538
48267,2404,6441.6,21.56807861
35023,3363,6459,28.52421999
46109,4926,6460.369,42.24854647
26097,2868,6466,35.47638807
26133,5944,6599.4,31.12406741
72019,2381,6650.4,40.67922592
42115,8992,6657.1,40.38524986
54095,4520,6704.896,55.12014948
31105,2731,6723.78,63.04535758
13209,4045,6950.661,72.57739871
48351,3356,6986.5,32.75068621
56003,7838,7045.6,77.25771438
46015,3344,7073.4,44.98862658
2070,4835,7223.577,74.5875112
40033,3819,7562.4,73.12381489
54089,2357,7813.669,82.25064894
45065,3332,7828.994,57.6561311
18131,4085,7889.609,66.68952864
20073,3710,8786,62.56001686
42023,2402,14916.471,67.80118393
20205,5310,1421.271,79.39626359
21027,4679,1423.3,97.80430155
22007,10782,1432.2,87.00152959
55065,7937,1433.5,94.09585709
27129,9153,1436.805,119.4174272
31093,3413,1451.7,102.9601849
40127,3596,1465.038,119.510841
23017,2319,1475,141.9734554
18125,3739,1477.6,154.9459987
46101,3450,1499.131,127.7500168
6063,15647,1504.1,146.2861303
48065,4266,1504.5,179.947937
48319,2305,1517.692,29.49573212
30009,5129,1524,7.488409617
18007,6055,1548,13.03693379
29111,4853,1552.1,16.92864438
47039,4131,1557,19.65860263
13119,6280,1585.6,25.69698901
54109,6613,1613.9,23.65288603
13183,2283,1619,24.38802186
46115,3570,1625.223,27.46885029
38079,7395,1627.1,31.2341538
8109,3047,1639,21.56807861
8103,4515,1652,28.52421999
28051,8288,1654,42.24854647
28143,4285,1664.814,35.47638807
18119,3053,1676.8,31.12406741
1107,7249,1688,40.67922592
21171,2819,1709.754,40.38524986
19053,5229,1729.377,55.12014948
1027,5409,1760,63.04535758
30087,7241,1807,72.57739871
21025,2230,1838.9,32.75068621
55099,4545,1883.8,77.25771438
46041,4648,2006.7,44.98862658
39111,4658,2009.059,74.5875112
46117,2217,2012.7,73.12381489
17123,7397,2099.6,82.25064894
50027,6606,2197.455,57.6561311
8095,3324,2199.145,66.68952864
27143,8380,2200.041,62.56001686
20069,3934,2209.3,67.80118393
33003,4049,2228.867,79.39626359
38009,3321,2244.4,97.80430155
30007,4074,2251.082,87.00152959
72101,5898,2270.1,94.09585709
20093,2831,2298.751,119.4174272
18115,2139,2303.2,102.9601849
16071,2137,2320.2,119.510841
72095,4586,2329.661,141.9734554
48031,4371,2350.187,154.9459987
21045,2130,2356.77,127.7500168
21219,4068,2365.4,146.2861303
5109,5081,2393.045,179.947937
25007,2123,2394.1,29.49573212
20127,3212,2420.342,7.488409617
54047,6863,2453.7,13.03693379
72039,2116,2472.163,16.92864438
37143,2723,2497.576,19.65860263
28023,4200,2509.1,25.69698901
5065,7314,2511.8,23.65288603
47049,4678,2543.966,24.38802186
13011,4761,2559.7,27.46885029
21191,2686,2561.526,31.2341538
31059,3959,2600.824,21.56807861
51069,7226,2675.245,28.52421999
17003,3964,2685.1,42.24854647
19025,7110,2733.951,35.47638807
30095,4260,2747.2,31.12406741
31175,2725,2826.645,40.67922592
20109,2258,2836.2,40.38524986
50015,2841,2928.8,55.12014948
20077,4051,2934.56,63.04535758
48087,2213,2947.9,72.57739871
19161,6777,3009,32.75068621
21087,2523,3035.3,77.25771438
48461,2911,3036.573,44.98862658
48421,2380,3055.857,74.5875112
31029,2683,3088.4,73.12381489
13197,2053,3106.6,82.25064894
19093,4728,3135.365,57.6561311
38073,3183,3146.4,66.68952864
37173,3498,3154.7,62.56001686
13003,3396,3171.3,67.80118393
55007,4030,3177.059,79.39626359
5079,3145,3227.82,97.80430155
29045,3332,3228.4,87.00152959
19107,6449,3232.537,94.09585709
48191,2519,3242.819,119.4174272
28155,3021,3243.7,102.9601849
48175,2004,3277.826,119.510841
21053,2002,3286,141.9734554
22025,3718,3310.356,154.9459987
19115,6353,3320.626,127.7500168
41063,4204,3328.2,146.2861303
48119,2190,3330.8,179.947937
21181,1986,3339.1,29.49573212
18161,2612,3349.931,7.488409617
27001,3270,3357.024,13.03693379
38031,2185,3364.285,16.92864438
27101,4876,3372.2,19.65860263
46033,2749,3386.2,25.69698901
37033,2110,3387.3,23.65288603
19195,4530,3408.6,24.38802186
51183,2487,3413.233,27.46885029
8073,3084,3450.053,31.2341538
5147,4493,3460.5,21.56807861
26013,4177,3460.979,28.52421999
5089,5244,3469.438,42.24854647
37115,3424,3487.87,35.47638807
48417,2194,3509.9,31.12406741
51141,3203,3510.166,40.67922592
28125,2826,3516.9,40.38524986
21133,6432,3524.1,55.12014948
19023,8943,3529.3,63.04535758
50003,4163,3545.982,72.57739871
46009,4749,3566.959,32.75068621
29119,7509,3567.562,77.25771438
29181,3361,3569.5,44.98862658
48315,2630,3575.3,74.5875112
45017,2310,3577.539,73.12381489
48289,6494,3586.136,82.25064894
20143,3407,3588.9,57.6561311
17047,4678,3591.5,66.68952864
19009,3114,3591.6,62.56001686
30025,2040,3593.6,67.80118393
55001,5377,3596.081,79.39626359
29223,2860,3621.1,97.80430155
48405,2085,3629.517,87.00152959
40067,4410,3632.916,94.09585709
20157,2981,3647.037,119.4174272
40057,2002,3656.7,102.9601849
56035,3733,3662.6,119.510841
48109,1870,3668.3792,141.9734554
51169,3885,3676.9,154.9459987
13249,1867,3682.072,127.7500168
2100,2448,3694,146.2861303
30071,2318,3698,179.947937
21139,3510,3699.347,29.49573212
35057,7452,3708.8,7.488409617
13319,4417,3721.8,13.03693379
18171,2885,3728.757,16.92864438
1075,5492,3729.3,19.65860263
30065,2191,3774.9,25.69698901
37039,3893,3800.09203,23.65288603
48403,3885,3803.656,24.38802186
19001,2988,3805.287,27.46885029
13037,5116,3811.86321,31.2341538
20007,3283,3821.3,21.56807861
13201,1873,3822.172,28.52421999
29199,2111,3827.6,42.24854647
48333,2009,3829.7,35.47638807
32027,2964,3876.25995,31.12406741
48229,3117,3882.074,40.67922592
28013,6182,3898.10454,40.38524986
48079,2225,3902.026,55.12014948
31129,2873,3919.597,63.04535758
48107,4556,3921.941,72.57739871
54043,3965,3928,32.75068621
20163,3675,3958.71855,77.25771438
19043,9747,3960.7,44.98862658
38097,5556,3972,74.5875112
55091,2855,3976.4,73.12381489
55041,3315,4039.8,82.25064894
51011,2022,4077.1,57.6561311
40029,2716,4106.9,66.68952864
22081,2820,4116.5,62.56001686
8019,6569,4139.07068,67.80118393
27011,3172,4160,79.39626359
48129,2463,4173.874,97.80430155
29211,3094,4184,87.00152959
1131,3243,4222.10908,94.09585709
20195,1864,4243.6,119.4174272
48483,3336,4248.669,102.9601849
13269,2719,4252.29073,119.510841
20129,2150,4314.5,141.9734554
38019,2329,4346.6,154.9459987
29061,3844,4369.8,127.7500168
53043,5496,4409.8,146.2861303
26135,1743,4415.8,179.947937
29171,2028,4480.5,23.65288603
47007,1741,4480.8,24.38802186
47061,6572,4488.8,27.46885029
51109,3028,4523.1,31.2341538
30091,2259,4548,21.56807861
31139,4061,4563.9,28.52421999
72117,2920,4610,42.24854647
19077,8116,4669.028,35.47638807
46037,3036,4733.8,31.12406741
8121,2209,4794.666,40.67922592
37005,1723,4823.9,40.38524986
51105,4529,4826.1,55.12014948
1023,3479,4858.873,63.04535758
13301,2068,4873.894,72.57739871
30099,2954,4909.8,32.75068621
31021,4336,4910.7,77.25771438
20075,1796,4925.8,44.98862658
21077,2346,4934.824,74.5875112
46121,6206,4987.8,73.12381489
48009,5370,5004.4,82.25064894
30097,1784,5012.4,57.6561311
38021,3107,5023.9,66.68952864
20039,1976,5025.383,62.56001686
54027,2453,5063.944,67.80118393
47175,1691,5081.7,79.39626359
21091,2680,5096.1,97.80430155
29025,4242,5140.1,87.00152959
51163,3154,5147.7,94.09585709
49017,4118,5177,119.4174272
29075,4121,5185.4,102.9601849
54085,3518,5209.3,119.510841
41023,4452,5274.534,141.9734554
47121,1667,5293.9,154.9459987
13281,2572,5387.9,127.7500168
28061,2711,5412,146.2861303
21153,1657,5628.28,179.947937
2198,5773,5714.753,29.49573212
21215,2962,5814.7,7.488409617
18155,2105,5821.5,13.03693379
37199,1647,5843.9,16.92864438
26089,4045,5878.738,19.65860263
38103,2444,5881.5,25.69698901
13259,2909,5948,23.65288603
39163,2922,5965.3,24.38802186
36003,4560,5980.437,27.46885029
19151,4268,6026.3,31.2341538
1037,4597,6114.4,21.56807861
51111,3026,6243.813,28.52421999
22125,1625,6306.609,42.24854647
31017,1969,6377.076,35.47638807
19159,2850,6441.6,31.12406741
37149,3310,6459,40.67922592
26009,6850,6460.369,40.38524986
17035,4502,6466,55.12014948
19185,3736,6599.4,63.04535758
72105,1599,6650.4,72.57739871
38011,2034,6657.1,32.75068621
21169,1828,6704.896,77.25771438
29151,3154,6723.78,44.98862658
55125,3467,6950.661,74.5875112
29205,3194,6986.5,73.12381489
31167,3448,7045.6,82.25064894
31097,2477,7073.4,57.6561311
31011,3083,7223.577,66.68952864
5117,3985,7562.4,62.56001686
48413,1579,7813.669,67.80118393
21011,2238,7828.994,79.39626359
20183,2364,7889.609,97.80430155
27107,3720,8786,87.00152959
22123,3233,14916.471,94.09585709
27089,4654,1421.271,119.4174272
46023,4522,1423.3,102.9601849
47161,1853,1432.2,119.510841
30005,4954,1433.5,141.9734554
21187,1743,1436.805,154.9459987
56027,1663,1451.7,127.7500168
29041,3189,1465.038,146.2861303
20119,3061,1475,179.947937
31161,2979,1477.6,29.49573212
23007,1513,1499.131,7.488409617
37079,3483,1504.1,13.03693379
13181,1503,1504.5,16.92864438
16063,2339,1517.692,19.65860263
31003,3346,1524,25.69698901
48295,2692,1548,23.65288603
40003,4262,1552.1,24.38802186
55078,4011,1557,27.46885029
21147,4076,1585.6,31.2341538
51159,1486,1613.9,21.56807861
29125,2073,1619,28.52421999
46067,4235,1625.223,42.24854647
31169,3470,1627.1,35.47638807
28077,2091,1639,31.12406741
31123,2673,1652,40.67922592
17171,2916,1654,40.38524986
55077,4399,1664.814,55.12014948
5073,3335,1676.8,63.04535758
29017,1806,1688,72.57739871
21057,1567,1709.754,32.75068621
31027,4415,1729.377,77.25771438
22043,4213,1760,44.98862658
38055,5853,1807,74.5875112
13111,3563,1838.9,73.12381489
5105,2695,1883.8,82.25064894
20203,1500,2006.7,57.6561311
28019,2040,2009.059,66.68952864
17087,3318,2012.7,62.56001686
48151,2057,2099.6,67.80118393
28063,1436,2197.455,79.39626359
55051,3025,2199.145,97.80430155
31035,4605,2200.041,87.00152959
19003,1803,2209.3,94.09585709
29005,3414,2228.867,119.4174272
30015,3823,2244.4,102.9601849
28147,1428,2251.082,119.510841
30089,4663,2270.1,141.9734554
6043,7612,2298.751,154.9459987
28157,2343,2303.2,127.7500168
47027,1420,2320.2,146.2861303
27125,2275,2329.661,179.947937
13145,3827,2350.187,29.49573212
28129,3904,2356.77,7.488409617
20065,1692,2365.4,13.03693379
27029,2580,2393.045,16.92864438
48327,1404,2394.1,19.65860263
27073,3359,2420.342,25.69698901
21135,2209,2453.7,23.65288603
40007,2437,2472.163,24.38802186
53023,1395,2497.576,27.46885029
51103,2180,2509.1,31.2341538
54093,3204,2511.8,21.56807861
19173,4012,2543.966,28.52421999
22023,1587,2559.7,42.24854647
26011,3269,2561.526,35.47638807
8009,2271,2600.824,31.12406741
51131,3656,2675.245,40.67922592
31051,4221,2685.1,40.38524986
27031,1570,2733.951,55.12014948
32017,4918,2747.2,63.04535758
48379,3264,2826.645,72.57739871
20047,2034,2836.2,32.75068621
47067,1349,2928.8,77.25771438
20187,1497,2934.56,44.98862658
20081,2469,2947.9,74.5875112
38027,1530,3009,73.12381489
5129,2007,3035.3,82.25064894
51079,2992,3036.573,57.6561311
46059,1577,3055.857,66.68952864
47083,2612,3088.4,62.56001686
40059,2688,3106.6,67.80118393
20207,1802,3135.365,79.39626359
29057,2873,3146.4,97.80430155
28021,2286,3154.7,87.00152959
16015,3305,3171.3,94.09585709
17155,3263,3177.059,119.4174272
51125,3810,3227.82,102.9601849
20135,2022,3228.4,119.510841
20043,5024,3232.537,141.9734554
48095,1590,3242.819,154.9459987
29203,2539,3243.7,127.7500168
20023,1724,3277.826,146.2861303
56011,3351,3286,179.947937
26019,4693,3310.356,29.49573212
21149,3318,3320.626,7.488409617
26119,2909,3328.2,13.03693379
27155,1959,3330.8,16.92864438
46087,2972,3339.1,19.65860263
38023,1454,3349.931,25.69698901
51051,2043,3357.024,23.65288603
55013,2839,3364.285,24.38802186
47139,2066,3372.2,27.46885029
48275,2851,3386.2,31.2341538
46091,2288,3387.3,21.56807861
17175,3316,3408.6,28.52421999
20141,2563,3413.233,42.24854647
12067,1366,3450.053,35.47638807
46039,2124,3460.5,31.12406741
5013,1933,3460.979,40.67922592
40045,2490,3469.438,40.38524986
17071,3247,3487.87,55.12014948
21105,1404,3509.9,63.04535758
26131,1705,3510.166,72.57739871
38005,2658,3516.9,32.75068621
16061,2698,3524.1,77.25771438
46053,2449,3529.3,44.98862658
37137,5231,3545.982,74.5875112
38067,4447,3566.959,73.12381489
46017,1251,3567.562,82.25064894
20165,2276,3569.5,57.6561311
27087,2918,3575.3,66.68952864
13231,2864,3577.539,62.56001686
2158,8305,3586.136,67.80118393
31125,2284,3588.9,79.39626359
21129,1221,3591.5,97.80430155
20153,1504,3591.6,87.00152959
51175,3327,3593.6,94.09585709
5025,2204,3596.081,119.4174272
48011,1210,3621.1,102.9601849
48125,1458,3629.517,119.510841
51113,1436,3632.916,141.9734554
20179,1404,3647.037,154.9459987
38049,2927,3656.7,127.7500168
1129,5223,3662.6,146.2861303
20105,1657,3668.3792,179.947937
13195,3190,3676.9,28.52421999
20185,2865,3682.072,42.24854647
36039,3095,3694,35.47638807
46105,1500,3698,31.12406741
20107,4631,3699.347,40.67922592
31071,1161,3708.8,40.38524986
38001,1352,3721.8,55.12014948
1085,3976,3728.757,63.04535758
20087,6706,3729.3,72.57739871
27051,3356,3774.9,32.75068621
8115,1589,3800.09203,77.25771438
37011,3279,3803.656,44.98862658
21023,1928,3805.287,74.5875112
51157,1836,3811.86321,73.12381489
38025,1708,3821.3,82.25064894
22021,3021,3822.172,57.6561311
31083,1922,3827.6,66.68952864
13025,1677,3829.7,62.56001686
31143,2988,3876.25995,67.80118393
48137,1135,3882.074,79.39626359
72049,1133,3898.10454,97.80430155
18013,2229,3902.026,87.00152959
29103,1841,3919.597,94.09585709
53069,3828,3921.941,119.4174272
31135,1611,3928,102.9601849
31173,3979,3958.71855,119.510841
48243,1232,3960.7,141.9734554
29129,1527,3972,154.9459987
48101,1094,3976.4,127.7500168
16037,1669,4039.8,146.2861303
31107,4685,4077.1,179.947937
40025,1474,4106.9,29.49573212
46107,1526,4116.5,7.488409617
29063,2642,4139.07068,13.03693379
29185,2940,4160,16.92864438
26085,1403,4173.874,19.65860263
17059,3227,4184,25.69698901
27081,2979,4222.10908,23.65288603
53019,3007,4243.6,24.38802186
2013,3359,4248.669,27.46885029
51007,1064,4252.29073,31.2341538
46025,1616,4314.5,21.56807861
19071,4415,4346.6,28.52421999
20201,3495,4369.8,42.24854647
2230,1059,4409.8,35.47638807
27021,6797,4415.8,31.12406741
20063,1714,4480.5,40.67922592
38095,1330,4480.8,40.38524986
8025,1822,4488.8,55.12014948
46077,3056,4523.1,63.04535758
51119,2147,4548,72.57739871
48081,2047,4563.9,32.75068621
37185,1990,4610,77.25771438
46007,1508,4669.028,44.98862658
47087,2003,4733.8,74.5875112
38033,1174,4794.666,73.12381489
29087,2793,4823.9,82.25064894
8091,2883,4826.1,57.6561311
46125,4386,4858.873,66.68952864
37131,5556,4873.894,62.56001686
27077,1194,4909.8,67.80118393
17069,1567,4910.7,79.39626359
28111,2523,4925.8,97.80430155
28069,1693,4934.824,87.00152959
5097,1674,4987.8,94.09585709
31065,3713,5004.4,119.4174272
42057,1150,5012.4,102.9601849
8021,4088,5023.9,119.510841
28037,1887,5025.383,141.9734554
20019,1873,5063.944,154.9459987
48431,998,5081.7,127.7500168
30019,1064,5096.1,146.2861303
30057,2721,5140.1,179.947937
54007,2576,5147.7,29.49573212
29173,2418,5177,7.488409617
30107,1163,5185.4,13.03693379
12077,2362,5209.3,16.92864438
38029,1641,5274.534,19.65860263
46071,1865,5293.9,25.69698901
13079,1050,5387.9,23.65288603
31163,1573,5412,24.38802186
22107,2491,5628.28,27.46885029
13149,1809,5714.753,31.2341538
2068,2378,5814.7,21.56807861
13061,1055,5821.5,28.52421999
54075,2221,5843.9,42.24854647
5049,1317,5878.738,35.47638807
21007,3318,5881.5,31.12406741
28015,1562,5948,40.67922592
47135,1844,5965.3,40.38524986
40053,2929,5980.437,55.12014948
13289,1305,6026.3,63.04535758
38081,2449,6114.4,72.57739871
37103,1496,6243.813,32.75068621
38085,1636,6306.609,77.25771438
28065,1145,6377.076,44.98862658
30059,958,6441.6,74.5875112
29179,1488,6459,73.12381489
48359,1506,6460.369,82.25064894
30039,1415,6466,57.6561311
27069,2564,6599.4,66.68952864
31181,2295,6650.4,62.56001686
46073,1256,6657.1,67.80118393
31061,1978,6704.896,79.39626359
19177,3376,6723.78,97.80430155
38039,1258,6950.661,87.00152959
20101,1125,6986.5,94.09585709
17013,1652,7045.6,119.4174272
51027,1140,7073.4,102.9601849
51075,898,7223.577,119.510841
35011,1039,7562.4,141.9734554
46085,2415,7813.669,154.9459987
16003,1431,7828.994,127.7500168
26001,2015,7889.609,146.2861303
28041,1886,8786,179.947937
21109,1672,14916.471,29.49573212
51077,1504,1421.271,7.488409617
46045,1834,1423.3,13.03693379
38051,1709,1432.2,16.92864438
31063,1566,1433.5,19.65860263
38045,2134,1436.805,25.69698901
16023,1118,1451.7,23.65288603
28005,1812,1465.038,24.38802186
72107,868,1475,27.46885029
30061,1881,1477.6,31.2341538
20017,1439,1499.131,21.56807861
40043,2590,1504.1,28.52421999
30051,1071,1504.5,42.24854647
31049,1226,1517.692,35.47638807
13263,1458,1524,31.12406741
54105,838,1548,40.67922592
26113,1771,1552.1,40.38524986
13221,1655,1557,55.12014948
48433,835,1585.6,63.04535758
31133,1429,1613.9,72.57739871
8017,1059,1619,32.75068621
21061,826,1625.223,77.25771438
50009,1019,1627.1,44.98862658
46089,1295,1639,74.5875112
48155,817,1652,73.12381489
20089,1643,1654,82.25064894
20083,1014,1664.814,57.6561311
18025,2529,1676.8,66.68952864
37029,1265,1688,62.56001686
35033,1217,1709.754,67.80118393
54017,799,1729.377,79.39626359
29035,1623,1760,97.80430155
2105,1995,1807,87.00152959
29227,1133,1838.9,94.09585709
31057,1026,1883.8,119.4174272
8093,1110,2006.7,102.9601849
47137,783,2009.059,119.510841
51037,2007,2012.7,141.9734554
20197,3026,2099.6,154.9459987
32029,779,2197.455,127.7500168
20097,1691,2199.145,146.2861303
72093,777,2200.041,179.947937
31069,1006,2209.3,29.49573212
20025,1523,2228.867,7.488409617
48443,774,2244.4,13.03693379
40129,1583,2251.082,16.92864438
36049,3152,2270.1,19.65860263
8047,1169,2298.751,25.69698901
46055,892,2303.2,23.65288603
29197,2406,2320.2,24.38802186
48447,1010,2329.661,27.46885029
20199,958,2350.187,31.2341538
37177,759,2356.77,21.56807861
46097,1020,2365.4,28.52421999
38047,1067,2393.045,42.24854647
46057,3352,2394.1,35.47638807
20071,811,2420.342,31.12406741
48235,743,2453.7,40.67922592
20033,1247,2472.163,40.38524986
36121,2287,2497.576,55.12014948
48385,1169,2509.1,63.04535758
46003,1447,2511.8,72.57739871
46069,726,2543.966,32.75068621
38041,1481,2559.7,77.25771438
29153,1674,2561.526,44.98862658
38075,1443,2600.824,74.5875112
38043,1173,2675.245,73.12381489
46049,979,2685.1,82.25064894
37095,1782,2733.951,57.6561311
6091,2082,2747.2,66.68952864
41021,1319,2826.645,62.56001686
48045,1075,2836.2,67.80118393
17153,2673,2928.8,79.39626359
31073,736,2934.56,97.80430155
21119,1337,2947.9,87.00152959
21039,1221,3009,94.09585709
46043,1514,3035.3,119.4174272
8027,1295,3036.573,102.9601849
8111,663,3055.857,119.510841
54101,1424,3088.4,141.9734554
8023,1662,3106.6,154.9459987
46031,1578,3135.365,127.7500168
22091,893,3146.4,146.2861303
2282,649,3154.7,179.947937
46111,1033,3171.3,29.49573212
46061,1201,3177.059,7.488409617
13291,643,3227.82,13.03693379
54071,784,3228.4,16.92864438
37075,686,3232.537,19.65860263
8033,865,3242.819,25.69698901
46119,764,3243.7,23.65288603
17151,729,3277.826,24.38802186
13125,843,3286,27.46885029
38063,1824,3310.356,31.2341538
54063,1161,3320.626,21.56807861
21159,851,3328.2,28.52421999
49033,1875,3330.8,42.24854647
48345,842,3339.1,35.47638807
21063,609,3349.931,31.12406741
20049,1518,3357.024,40.67922592
30055,605,3364.285,40.38524986
38037,1118,3372.2,55.12014948
8061,778,3386.2,63.04535758
21223,1177,3387.3,72.57739871
36099,599,3408.6,32.75068621
8057,599,3413.233,77.25771438
54065,1553,3450.053,44.98862658
30109,592,3460.5,74.5875112
28055,591,3460.979,73.12381489
16033,616,3469.438,82.25064894
38065,578,3487.87,57.6561311
49055,1949,3509.9,66.68952864
13007,575,3510.166,62.56001686
46095,912,3516.9,67.80118393
51081,572,3524.1,79.39626359
51115,922,3529.3,97.80430155
31087,1748,3545.982,87.00152959
42113,804,3566.959,94.09585709
30079,663,3567.562,119.4174272
48393,550,3569.5,102.9601849
28009,1358,3575.3,119.510841
36025,2522,3577.539,141.9734554
21165,545,3586.136,154.9459987
31149,627,3588.9,127.7500168
48173,537,3591.5,146.2861303
2290,4876,3591.6,179.947937
36095,885,3593.6,29.49573212
46137,518,3596.081,7.488409617
48261,513,3621.1,13.03693379
54013,513,3629.517,16.92864438
48263,513,3632.916,19.65860263
51017,499,3647.037,25.69698901
48205,840,3656.7,23.65288603
51053,489,3662.6,24.38802186
49031,1253,3668.3792,27.46885029
5101,849,3676.9,31.2341538
51127,485,3682.072,21.56807861
37043,483,3694,28.52421999
13265,599,3698,42.24854647
2060,875,3699.347,35.47638807
29085,1670,3708.8,31.12406741
31091,463,3721.8,40.67922592
32011,924,3728.757,40.38524986
30075,510,3729.3,55.12014948
55037,506,3774.9,63.04535758
35003,1666,3800.09203,72.57739871
51029,656,3803.656,32.75068621
54015,441,3805.287,77.25771438
31077,1411,3811.86321,44.98862658
41069,707,3821.3,74.5875112
46075,549,3822.172,73.12381489
51063,436,3827.6,82.25064894
21237,479,3829.7,57.6561311
31015,1082,3876.25995,66.68952864
46021,715,3882.074,62.56001686
38091,787,3898.10454,67.80118393
41055,1158,3902.026,79.39626359
51049,396,3919.597,97.80430155
16025,395,3921.941,87.00152959
8053,428,3928,94.09585709
30045,751,3958.71855,119.4174272
12125,626,3960.7,102.9601849
30033,386,3972,119.510841
50017,383,3976.4,141.9734554
30011,395,4039.8,154.9459987
46063,435,4077.1,127.7500168
38083,546,4106.9,146.2861303
51021,360,4116.5,179.947937
51145,348,4139.07068,29.49573212
51181,964,4160,7.488409617
38013,1201,4173.874,13.03693379
21201,336,4184,16.92864438
21131,332,4222.10908,19.65860263
32009,764,4243.6,25.69698901
8079,313,4248.669,23.65288603
49009,568,4252.29073,24.38802186
30103,304,4314.5,27.46885029
37073,599,4346.6,31.2341538
36041,299,4369.8,21.56807861
31113,330,4409.8,28.52421999
48311,290,4415.8,42.24854647
25019,355,4480.5,35.47638807
31103,246,4480.8,31.12406741
30037,401,4488.8,40.67922592
6003,541,4523.1,40.38524986
31165,223,4548,55.12014948
31171,335,4563.9,63.04535758
35021,296,4610,72.57739871
48033,206,4669.028,32.75068621
31085,259,4733.8,77.25771438
31115,200,4794.666,44.98862658
2164,1451,4823.9,74.5875112
30069,185,4826.1,73.12381489
31075,184,4858.873,82.25064894
21189,158,4873.894,57.6561311
51045,153,4909.8,66.68952864
26083,436,4910.7,62.56001686
38087,160,4925.8,67.80118393
51091,136,4934.824,79.39626359
38007,129,4987.8,97.80430155
48269,124,5004.4,87.00152959
31005,118,5012.4,94.09585709
31183,204,5023.9,119.4174272
51133,109,5025.383,102.9601849
51097,105,5063.944,119.510841
31009,116,5081.7,141.9734554
31117,92,5096.1,154.9459987
31007,88,5140.1,127.7500168
51036,60,5147.7,146.2861303
48301,29,5177,179.947937
