week,show_type,title,ori_country,genre,release_date,is_NF_Ori,imdb_rating,rt_rating,country_chart,show_link,Continent
37,Movie,"Love, Guaranteed",USA,Comedy,2020-09-03,True,55%,50%,CZE,https://flixpatrol.com/title/love-guaranteed,EUR
37,TV Show,Away,USA,Science Fiction,2020-09-04,True,71%,73%,CZE,https://flixpatrol.com/title/away-2020,EUR
36,Movie,Jak se zbavit nevěsty,Czech Republic,Comedy,2016-04-28,False,57%,,CZE,https://flixpatrol.com/title/jak-se-zbavit-nevesty,EUR
36,TV Show,Lucifer,USA,Superhero,2016-01-25,True,83%,87%,CZE,https://flixpatrol.com/title/lucifer,EUR
35,Movie,Project Power,USA,Action,2020-08-14,True,61%,63%,CZE,https://flixpatrol.com/title/project-power,EUR
35,TV Show,Lucifer,USA,Superhero,2016-01-25,True,83%,87%,CZE,https://flixpatrol.com/title/lucifer,EUR
34,Movie,Project Power,USA,Action,2020-08-14,True,61%,63%,CZE,https://flixpatrol.com/title/project-power,EUR
34,TV Show,The Umbrella Academy,USA,Superhero,2019-02-15,True,83%,82%,CZE,https://flixpatrol.com/title/the-umbrella-academy,EUR
33,Movie,Work It,USA,Comedy,2020-08-07,True,61%,,CZE,https://flixpatrol.com/title/work-it-2020,EUR
33,TV Show,The Umbrella Academy,USA,Superhero,2019-02-15,True,83%,82%,CZE,https://flixpatrol.com/title/the-umbrella-academy,EUR
32,Movie,The Kissing Booth 2,United Kingdom,Romance,2020-07-24,True,62%,28%,CZE,https://flixpatrol.com/title/the-kissing-booth-2,EUR
32,TV Show,The Umbrella Academy,USA,Superhero,2019-02-15,True,83%,82%,CZE,https://flixpatrol.com/title/the-umbrella-academy,EUR
31,Movie,The Kissing Booth 2,United Kingdom,Romance,2020-07-24,True,62%,28%,CZE,https://flixpatrol.com/title/the-kissing-booth-2,EUR
31,TV Show,Cursed,USA,Fantasy,2020-07-17,True,51%,69%,CZE,https://flixpatrol.com/title/cursed-2020,EUR
30,Movie,MILF,France,Comedy,2018-05-02,False,,14%,CZE,https://flixpatrol.com/title/milf-2018,EUR
30,TV Show,Cursed,USA,Fantasy,2020-07-17,True,51%,69%,CZE,https://flixpatrol.com/title/cursed-2020,EUR
29,Movie,The Old Guard,USA,Superhero,2020-07-10,True,82%,80%,CZE,https://flixpatrol.com/title/the-old-guard,EUR
29,TV Show,Warrior Nun,USA,Fantasy,2020-07-02,True,69%,,CZE,https://flixpatrol.com/title/warrior-nun,EUR
28,Movie,365 Days,Poland,Romance,2020-06-07,False,35%,,CZE,https://flixpatrol.com/title/365-days,EUR
28,TV Show,Warrior Nun,USA,Fantasy,2020-07-02,True,69%,,CZE,https://flixpatrol.com/title/warrior-nun,EUR
27,Movie,365 Days,Poland,Romance,2020-06-07,False,35%,,CZE,https://flixpatrol.com/title/365-days,EUR
27,TV Show,Dark,Germany,Mystery,2017-12-01,True,87%,94%,CZE,https://flixpatrol.com/title/dark-2017,EUR
26,Movie,365 Days,Poland,Romance,2020-06-07,False,35%,,CZE,https://flixpatrol.com/title/365-days,EUR
26,TV Show,Floor is Lava,USA,Reality-Show,2020-06-19,True,51%,83%,CZE,https://flixpatrol.com/title/floor-is-lava,EUR
25,Movie,365 Days,Poland,Romance,2020-06-07,False,35%,,CZE,https://flixpatrol.com/title/365-days,EUR
25,TV Show,13 Reasons Why,USA,Drama,2017-03-31,True,84%,39%,CZE,https://flixpatrol.com/title/13-reasons-why,EUR
24,Movie,365 Days,Poland,Romance,2020-06-07,False,35%,,CZE,https://flixpatrol.com/title/365-days,EUR
24,TV Show,13 Reasons Why,USA,Drama,2017-03-31,True,84%,39%,CZE,https://flixpatrol.com/title/13-reasons-why,EUR
23,Movie,Venom,USA,Superhero,2018-10-03,False,71%,29%,CZE,https://flixpatrol.com/title/venom-2018,EUR
23,TV Show,Space Force,USA,Comedy,2020-05-29,True,70%,41%,CZE,https://flixpatrol.com/title/space-force,EUR
22,Movie,Harry Potter and the Philosopher's Stone,United Kingdom,Fantasy,2001-11-04,False,75%,,CZE,https://flixpatrol.com/title/harry-potter-and-the-philosophers-stone,EUR
22,Documentary TV,History 101,United Kingdom,Documentary,2020-05-22,True,60%,,CZE,https://flixpatrol.com/title/history-101,EUR
21,Movie,Harry Potter and the Philosopher's Stone,United Kingdom,Fantasy,2001-11-04,False,75%,,CZE,https://flixpatrol.com/title/harry-potter-and-the-philosophers-stone,EUR
21,Documentary TV,The Last Dance,USA,Documentary,2020-04-19,True,94%,97%,CZE,https://flixpatrol.com/title/the-last-dance,EUR
20,Movie,Ženská na vrcholu,Czech Republic,Comedy,2019-11-07,False,72%,,CZE,https://flixpatrol.com/title/zenska-na-vrcholu,EUR
20,TV Show,Too Hot to Handle,USA,Reality-Show,2020-04-17,True,42%,37%,CZE,https://flixpatrol.com/title/too-hot-to-handle,EUR
19,Movie,Ženská na vrcholu,Czech Republic,Comedy,2019-11-07,False,72%,,CZE,https://flixpatrol.com/title/zenska-na-vrcholu,EUR
19,TV Show,Too Hot to Handle,USA,Reality-Show,2020-04-17,True,42%,37%,CZE,https://flixpatrol.com/title/too-hot-to-handle,EUR
18,Movie,Extraction,USA,Action,2020-04-24,True,70%,68%,CZE,https://flixpatrol.com/title/extraction-2020,EUR
18,TV Show,Too Hot to Handle,USA,Reality-Show,2020-04-17,True,42%,37%,CZE,https://flixpatrol.com/title/too-hot-to-handle,EUR
17,Movie,Bikers,Czech Republic,Comedy,2017-10-19,False,64%,,CZE,https://flixpatrol.com/title/bikers,EUR
17,TV Show,Too Hot to Handle,USA,Reality-Show,2020-04-17,True,42%,37%,CZE,https://flixpatrol.com/title/too-hot-to-handle,EUR
16,Movie,Love. Wedding. Repeat,Italy,Comedy,2020-04-10,True,55%,34%,CZE,https://flixpatrol.com/title/love-wedding-repeat,EUR
16,TV Show,Money Heist,Spain,Action,2017-05-02,True,84%,93%,CZE,https://flixpatrol.com/title/money-heist,EUR
15,Documentary,Money Heist: The Phenomenon,Spain,Documentary,2020-04-03,True,78%,,CZE,https://flixpatrol.com/title/money-heist-the-phenomenon,EUR
15,TV Show,Money Heist,Spain,Action,2017-05-02,True,84%,93%,CZE,https://flixpatrol.com/title/money-heist,EUR
14,Movie,The Platform,Spain,Science Fiction,2020-03-20,True,73%,,CZE,https://flixpatrol.com/title/the-platform,EUR
14,TV Show,Love is Blind,USA,Reality-Show,2020-02-13,True,56%,70%,CZE,https://flixpatrol.com/title/love-is-blind-2020,EUR
13,Movie,The Platform,Spain,Science Fiction,2020-03-20,True,73%,,CZE,https://flixpatrol.com/title/the-platform,EUR
13,TV Show,Love is Blind,USA,Reality-Show,2020-02-13,True,56%,70%,CZE,https://flixpatrol.com/title/love-is-blind-2020,EUR
12,Movie,Lost Girls,USA,Thriller,2020-01-28,False,58%,64%,CZE,https://flixpatrol.com/title/lost-girls,EUR
12,TV Show,Love is Blind,USA,Reality-Show,2020-02-13,True,56%,70%,CZE,https://flixpatrol.com/title/love-is-blind-2020,EUR
11,Movie,Spenser Confidential,USA,Crime,2020-03-06,True,71%,37%,CZE,https://flixpatrol.com/title/spenser-confidential,EUR
11,TV Show,Love is Blind,USA,Reality-Show,2020-02-13,True,56%,70%,CZE,https://flixpatrol.com/title/love-is-blind-2020,EUR
