week,show_type,title,ori_country,genre,release_date,is_NF_Ori,imdb_rating,rt_rating,country_chart,show_link,Continent
37,Movie,G.I. Joe: The Rise of Cobra,USA,Science Fiction,2009-08-07,False,58%,35%,JPN,https://flixpatrol.com/title/gi-joe-the-rise-of-cobra,ASI
37,TV Show,Crash Landing on You,South Korea,Drama,2019-12-14,True,,99%,JPN,https://flixpatrol.com/title/crash-landing-on-you,ASI
36,Movie -- --,Nihontouitsu Series,,,Movie,False,,,JPN,https://flixpatrol.com/title/nihontouitsu-series,ASI
36,TV Show,Crash Landing on You,South Korea,Drama,2019-12-14,True,,99%,JPN,https://flixpatrol.com/title/crash-landing-on-you,ASI
35,Movie,The Lies She Loved,,,2018-01-20,False,,,JPN,https://flixpatrol.com/title/the-lies-she-loved,ASI
35,TV Show,Crash Landing on You,South Korea,Drama,2019-12-14,True,,99%,JPN,https://flixpatrol.com/title/crash-landing-on-you,ASI
34,Movie,Project Power,USA,Action,2020-08-14,True,61%,63%,JPN,https://flixpatrol.com/title/project-power,ASI
34,TV Show,Crash Landing on You,South Korea,Drama,2019-12-14,True,,99%,JPN,https://flixpatrol.com/title/crash-landing-on-you,ASI
33,Movie,Venom,USA,Superhero,2018-10-03,False,71%,29%,JPN,https://flixpatrol.com/title/venom-2018,ASI
33,TV Show,It's Okay to Not Be Okay,South Korea,Drama,2020-06-20,True,90%,,JPN,https://flixpatrol.com/title/its-okay-to-not-be-okay,ASI
32,Movie,Mile 22,USA,Action,2018-08-16,False,61%,23%,JPN,https://flixpatrol.com/title/mile-22,ASI
32,TV Show,Crash Landing on You,South Korea,Drama,2019-12-14,True,,99%,JPN,https://flixpatrol.com/title/crash-landing-on-you,ASI
31,Movie,The Kissing Booth 2,United Kingdom,Romance,2020-07-24,True,62%,28%,JPN,https://flixpatrol.com/title/the-kissing-booth-2,ASI
31,TV Show,Crash Landing on You,South Korea,Drama,2019-12-14,True,,99%,JPN,https://flixpatrol.com/title/crash-landing-on-you,ASI
30,Movie,Child's Play,USA,Horror,2019-06-19,False,60%,62%,JPN,https://flixpatrol.com/title/childs-play,ASI
30,TV Show,Crash Landing on You,South Korea,Drama,2019-12-14,True,,99%,JPN,https://flixpatrol.com/title/crash-landing-on-you,ASI
29,Movie,Joker,USA,Superhero,2019-10-02,False,89%,68%,JPN,https://flixpatrol.com/title/joker-2019,ASI
29,TV Show,Crash Landing on You,South Korea,Drama,2019-12-14,True,,99%,JPN,https://flixpatrol.com/title/crash-landing-on-you,ASI
28,Movie,Joker,USA,Superhero,2019-10-02,False,89%,68%,JPN,https://flixpatrol.com/title/joker-2019,ASI
28,TV Show,Crash Landing on You,South Korea,Drama,2019-12-14,True,,99%,JPN,https://flixpatrol.com/title/crash-landing-on-you,ASI
27,Movie,A Whisker Away,Japan,Animated,2020-06-18,True,68%,,JPN,https://flixpatrol.com/title/a-whisker-away,ASI
27,TV Show,Crash Landing on You,South Korea,Drama,2019-12-14,True,,99%,JPN,https://flixpatrol.com/title/crash-landing-on-you,ASI
26,Movie,A Whisker Away,Japan,Animated,2020-06-18,True,68%,,JPN,https://flixpatrol.com/title/a-whisker-away,ASI
26,TV Show,Crash Landing on You,South Korea,Drama,2019-12-14,True,,99%,JPN,https://flixpatrol.com/title/crash-landing-on-you,ASI
25,Movie,A Whisker Away,Japan,Animated,2020-06-18,True,68%,,JPN,https://flixpatrol.com/title/a-whisker-away,ASI
25,TV Show,Crash Landing on You,South Korea,Drama,2019-12-14,True,,99%,JPN,https://flixpatrol.com/title/crash-landing-on-you,ASI
24,Movie,"You, I Love",Japan,,2018-11-10,False,,,JPN,https://flixpatrol.com/title/you-i-love-2018,ASI
24,TV Show,Crash Landing on You,South Korea,Drama,2019-12-14,True,,99%,JPN,https://flixpatrol.com/title/crash-landing-on-you,ASI
23,Movie,Liverleaf,Japan,,2018-04-07,False,,,JPN,https://flixpatrol.com/title/liverleaf,ASI
23,TV Show,Crash Landing on You,South Korea,Drama,2019-12-14,True,,99%,JPN,https://flixpatrol.com/title/crash-landing-on-you,ASI
22,Movie,Battleship,USA,Science Fiction,2012-04-11,False,59%,34%,JPN,https://flixpatrol.com/title/battleship,ASI
22,TV Show,Crash Landing on You,South Korea,Drama,2019-12-14,True,,99%,JPN,https://flixpatrol.com/title/crash-landing-on-you,ASI
21,Movie,The Wrong Missy,USA,Comedy,2020-05-13,True,56%,25%,JPN,https://flixpatrol.com/title/the-wrong-missy,ASI
21,TV Show,Crash Landing on You,South Korea,Drama,2019-12-14,True,,99%,JPN,https://flixpatrol.com/title/crash-landing-on-you,ASI
20,Movie,Toshimaen: Haunted Park,Japan,,2019-05-22,False,,,JPN,https://flixpatrol.com/title/toshimaen-haunted-park,ASI
20,TV Show,Crash Landing on You,South Korea,Drama,2019-12-14,True,,99%,JPN,https://flixpatrol.com/title/crash-landing-on-you,ASI
19,Movie,Hotel Transylvania 3: Summer Vacation,USA,Animated,2018-07-12,False,65%,60%,JPN,https://flixpatrol.com/title/hotel-transylvania-3-summer-vacation,ASI
19,TV Show,Crash Landing on You,South Korea,Drama,2019-12-14,True,,99%,JPN,https://flixpatrol.com/title/crash-landing-on-you,ASI
18,Movie,Extraction,USA,Action,2020-04-24,True,70%,68%,JPN,https://flixpatrol.com/title/extraction-2020,ASI
18,TV Show,Ghost in the Shell: SAC 2045,Japan,Animated,2020-04-23,True,61%,,JPN,https://flixpatrol.com/title/ghost-in-the-shell-sac-2045,ASI
17,Movie,Contagion,USA,Thriller,2011-09-09,False,67%,84%,JPN,https://flixpatrol.com/title/contagion,ASI
17,TV Show,Too Hot to Handle,USA,Reality-Show,2020-04-17,True,42%,37%,JPN,https://flixpatrol.com/title/too-hot-to-handle,ASI
16,Movie,Contagion,USA,Thriller,2011-09-09,False,67%,84%,JPN,https://flixpatrol.com/title/contagion,ASI
16,TV Show,Demon Slayer: Kimetsu no Yaiba,Japan,,2019-04-06,False,,86%,JPN,https://flixpatrol.com/title/demon-slayer-kimetsu-no-yaiba,ASI
15,Movie,Ajin: Demi-Human,Japan,,2017-09-30,False,64%,,JPN,https://flixpatrol.com/title/ajin-demi-human,ASI
15,TV Show,Terrace House: Tokyo 2019-2020,Japan,Reality-Show,2019-05-14,True,76%,,JPN,https://flixpatrol.com/title/terrace-house-tokyo-2019-2020,ASI
14,Movie,Contagion,USA,Thriller,2011-09-09,False,67%,84%,JPN,https://flixpatrol.com/title/contagion,ASI
14,TV Show,Terrace House: Tokyo 2019-2020,Japan,Reality-Show,2019-05-14,True,76%,,JPN,https://flixpatrol.com/title/terrace-house-tokyo-2019-2020,ASI
13,Movie,Vacation,USA,Comedy,2015-07-29,False,62%,26%,JPN,https://flixpatrol.com/title/vacation,ASI
13,TV Show,Demon Slayer: Kimetsu no Yaiba,Japan,,2019-04-06,False,,86%,JPN,https://flixpatrol.com/title/demon-slayer-kimetsu-no-yaiba,ASI
