"model_id","model_name"
1,MONDEO
2,GLC
3,XC90
4,I40
5,V60
6,A4
7,JETTA VI
8,C 220
9,IS
10,"318"
11,KORANDO
12,TIVOLI
13,VIVARO
14,X5
15,PASSAT VII
16,"530"
17,"320"
18,FOCUS
19,CROSSLAND X
20,GRANDLAND X
21,INSIGNIA
22,ASTRA K
23,GOLF VI
24,CORSA F
25,COMBO
26,PHAETON
27,OCTAVIA
28,CEEu0027D
29,ZAFIRA LIFE
30,"6"
31,POLO
32,X-TRAIL
33,I30
34,A 180
35,E 220
36,GLC 220
37,V-OSZTÁLY
38,S 350
39,S 560
40,ASTRA J
41,B-MAX
42,CORSA E
43,PASSAT VIII
44,COOPER
45,V40
46,"220"
47,C 180
48,C 160
49,A3
50,"520"
51,CLS 350
52,XC60
53,B 160
54,V70
55,B 180
56,GLA-OSZTÁLY
57,E 250
58,"428"
59,"218"
60,GLA 180
61,VITO
62,"320 GRAN TURISMO"
63,"120"
64,C 200
65,COUNTRYMAN
66,A-OSZTÁLY
67,CLA-OSZTÁLY
68,A 200
69,CLA 180
70,CLA 200
71,X4
72,"535"
73,CLA 220
74,GLA 200
75,E 200
76,"420"
77,X6
78,B 200
79,X1
80,"435"
81,C 350
82,"650"
83,RX
84,GLA 220
85,C 250
86,A 220
87,E-OSZTÁLY
88,X2
89,V90
90,S90
91,"550"
92,GLC-OSZTÁLY
93,"640"
94,"330"
95,XC40
96,GLC 250
97,E 350
98,S60
99,"730"
100,M2
101,CLA
102,GLE 400
103,"440"
104,E 400
105,C 300
106,"740"
107,X3
108,"118"
109,GLE 500
110,GLE 350
111,"750"
112,"630"
113,S 500
114,"540"
115,M4
116,C 43
117,E 43
118,GLC 300
119,"5-ÖS SOROZAT"
120,E 53
121,GLE
122,S 400
123,GT
124,S 450
125,I8
126,S 63
127,GT R
128,VECTRA B
129,SWIFT
130,PUNTO
131,THALIA
132,ASTRA F
133,FIESTA
134,"205"
135,ESCORT
136,"316"
137,FELICIA
138,"106"
139,GOLF III
140,WAGON R+
141,VECTRA A
142,"306"
143,ALMERA
144,MATIZ
145,TIGRA
146,SCENIC
147,LIANA
148,PUMA
149,ASTRA
150,CLIO
151,LANOS
152,SAXO
153,"206"
154,"406"
155,KALOS
156,ASTRA G
157,"146"
158,MEGANE
159,FABIA
160,XSARA PICASSO
161,COROLLA
162,IBIZA
163,A6
164,"156"
165,GALAXY
166,FOCUS C-MAX
167,ALHAMBRA
168,AROSA
169,CORSA C
170,POLO III
171,XSARA
172,GETZ
173,YARIS
174,C3
175,BERLINGO
176,PASSAT III
177,AGILA
178,GOLF IV
179,LAGUNA
180,"323"
181,LACETTI
182,STILO
183,FUSION
184,CORDOBA
185,ACCORD
186,ULYSSE
187,"623"
188,DOKKER
189,LEON
190,TWINGO
191,YARIS VERSO
192,"626"
193,CLARUS
194,CIVIC
195,"307"
196,SPACE STAR
197,FRONTERA
198,PASSAT IV
199,ESPACE
200,IGNIS
201,PASSAT V
202,"44077"
203,"45"
204,OMEGA
205,C5
206,BORA
207,MICRA
208,COUGAR
209,LOGAN
210,ALTO
211,A 140
212,A 170
213,ZAFIRA A
214,E 320
215,VOYAGER
216,"605"
217,POLO IV
218,FORTWO
219,"107"
220,AVEO
221,VECTRA C
222,PANDA
223,A 160
224,SHARAN
225,"308"
226,PASSAT
227,TOLEDO
228,"207"
229,MERIVA A
230,NEW BEETLE
231,ASTRA H
232,FORFOUR
233,PT CRUISER
234,PRIMERA
235,MERIVA
236,CLK 200
237,CR-V
238,SX4
239,MAGENTIS
240,CORSA D
241,JAZZ
242,A2
243,C4
244,COROLLA VERSO
245,ACCENT
246,GRANDE PUNTO
247,SPARK
248,"3"
249,W 124
250,C 230
251,AVENSIS
252,TRAJET
253,KANGOO
254,NUBIRA
255,HI-ACE
256,PICANTO
257,GRAND SCENIC
258,CARISMA
259,"2"
260,LANCER
261,ZAFIRA
262,"44079"
263,QUBO
264,GOLF V
265,A 150
266,"3-AS SOROZAT"
267,SUPERB
268,MODUS
269,"807"
270,C2
271,CITY
272,CROMA
273,ZAFIRA B
274,TIGRA TT
275,"407"
276,YPSILON
277,"5"
278,VITARA
279,GRAND C4 PICASSO
280,PAJERO SPORT
281,A6 ALLROAD
282,I10
283,C-MAX
284,B 170
285,C4 PICASSO
286,MUSSO
287,KA
288,ACTYON
289,"159"
290,PARTNER
291,SPLASH
292,MINI COOPER
293,MINI ONE
294,TOURAN
295,V50
296,GRAND VOYAGER
297,LINEA
298,W 123
299,RIO
300,TRANSIT
301,PRIUS
302,"116"
303,"525"
304,GRANDIS
305,PASSAT VI
306,NOTE
307,GOLF
308,RAV 4
309,C 240
310,ROOMSTER
311,FIORINO
312,"147"
313,BRAVO
314,DELTA
315,CARNIVAL
316,MATRIX
317,G 280
318,ALTEA
319,C30
320,TUCSON
321,"500"
322,POLO V
323,MITO
324,GOLF PLUS
325,C-CROSSER
326,"5008"
327,OUTBACK
328,FR-V
329,S40
330,IX 20
331,S-MAX
332,I20
333,SONATA
334,QASHQAI
335,GRANTA
336,RX-8
337,C3 PICASSO
338,S-TYPE
339,CARENS
340,S-OSZTÁLY
341,JETTA V
342,AURIS
343,CADDY
344,"324"
345,PRO CEEu0027D
346,CORSA
347,COMPASS
348,JETTA
349,GRAND VITARA
350,"208"
351,ALLROAD
352,CRUZE
353,RAPID
354,CONNECT
355,SPORTAGE
356,FLUENCE
357,KALINA
358,CALIBER
359,GRAND ESPACE
360,RANGER
361,TRANSPORTER T4
362,VENGA
363,"301"
364,ANTARA
365,TOURNEO
366,PICK UP
367,"508"
368,DUSTER
369,E 500
370,KOLEOS
371,ML 400
372,OUTLANDER
373,URBAN CRUISER
374,CAPTIVA
375,INSIGHT
376,CX-7
377,JIMNY
378,HI LUX
379,"3008"
380,S80
381,CLK-OSZTÁLY
382,UP
383,SANDERO
384,C-ELYSEE
385,TRAFIC
386,SANTA FE
387,MERIVA B
388,"523"
389,QASHQAI+2
390,L 200
391,A8
392,X-TYPE
393,EOS
394,A1
395,S 320
396,"123"
397,VERSO
398,DOBLO
399,TIGUAN
400,TRANSPORTER T5
401,MULTIVAN
402,ASX
403,"325"
404,GIULIETTA
405,CLK 240
406,C4 CACTUS
407,CARAVELLE
408,C70
409,PULSAR
410,CLC 180
411,ZAFIRA TOURER
412,XC70
413,"2008"
414,LEGACY
415,Z3
416,ADAM
417,ELANTRA
418,JUKE
419,SORENTO
420,"114"
421,ORLANDO
422,KUGA
423,A5
424,CLUBMAN
425,SCIROCCO
426,TOUAREG
427,H-1
428,BALENO
429,SPRINTER
430,TIPO
431,ML 320
432,FREEMONT
433,SX4 S-CROSS
434,LATITUDE
435,"500L"
436,IX 35
437,LODGY
438,VELOSTER
439,CLS 320
440,TAHOE
441,NAVARA
442,CX-5
443,GOLF VII
444,Z4
445,PASSAT CC
446,BEETLE
447,LEAF
448,CAMRY
449,CT
450,GENESIS COUPE
451,MOKKA
452,XF
453,ROADSTER
454,AMPERA
455,SOUL
456,SCUDO
457,CAPTUR
458,Q7
459,E 300
460,MOVANO
461,OPTIMA
462,Q5
463,C 32 AMG
464,"318 GRAN TURISMO"
465,DS5
466,DS 5
467,CAYENNE
468,CLK 350
469,A5 CABRIO
470,GLK 220
471,GOLF SPORTSVAN
472,STONIC
473,RANGE ROVER SPORT
474,"335"
475,PRIUS+
476,HIGHLANDER
477,ML 420
478,KADJAR
479,ECOSPORT
480,PASSAT ALLTRACK
481,CC
482,ZOE
483,VIANO
484,"214"
485,D-MAX
486,PRIUS PLUG-IN
487,LAND CRUISER
488,MOKKA X
489,ATECA
490,TT
491,B 2500
492,GT86
493,Q3
494,POLO VI
495,CL 55 AMG
496,H3
497,CX-3
498,Q30
499,"328"
500,C4 SPACETOURER
501,TRANSPORTER
502,"528"
503,PAJERO
504,I3
505,EXPERT
506,A4 ALLROAD
507,RENEGADE
508,C-HR
509,KONA
510,EGYÉB
511,CLS 250
512,REXTON
513,A7
514,XE
515,ML 350
516,XCEED
517,B 220
518,Q50
519,"418"
520,FORESTER
521,RIFTER
522,T-ROC
523,ML 450
524,ML-OSZTÁLY
525,"430"
526,CHEROKEE
527,QX70
528,NX
529,XV
530,KODIAQ
531,C5 AIRCROSS
532,SL 500
533,GIULIA
534,ECLIPSE CROSS
535,Q2
536,NIRO
537,CAMARO
538,TRAVELLER
539,A 45
540,CX-30
541,MX-5
542,NV200
543,SPACETOURER
544,PANAMERA
545,EDGE
546,"216"
547,RANGE ROVER
548,STELVIO
549,MUSTANG
550,LS
551,GRAND CHEROKEE
552,MACAN
553,STINGER
554,GL 350
555,X-OSZTÁLY
556,TRANSPORTER T6
557,M3
558,WRANGLER
559,LEVANTE
560,MODEL 3
561,G 350
562,M6
563,CLS-OSZTÁLY
564,CAYMAN
565,GLS 350
566,ESCALADE
567,TRANS AM
568,M5
569,GLE 450
570,E-TRON
571,Q8
572,MODEL S
573,MODEL X
574,GOLF II
575,"800"
576,ORION
577,SIRION
578,"43831"
579,R 19
580,RACER
581,"416"
582,CORSA B
583,POLO II
584,TICO
585,"900"
586,CHARADE
587,FORMAN
588,MAREA
589,FAVORIT
590,SAMARA
591,KADETT C
592,PASSAT II
593,DEMIO
594,POLO I
595,CINQUECENTO
596,BRAVA
597,STARLET
598,"126"
599,PALIO
600,KORAL
601,XANTIA
602,"200"
603,SEICENTO
604,VECTRA
605,"105"
606,"121"
607,KADETT
608,SUNNY
609,AX
610,DEDRA
611,KADETT E
612,NEXIA
613,REGATA
614,CARINA
615,"43833"
616,OMEGA A
617,"600"
618,GTL 55
619,"2105"
620,COLT
621,KA+
622,ZX
623,"414"
624,"850"
625,LYBRA
626,"164"
627,XM
628,SCORPIO
629,PREMACY
630,"33"
631,LUPO
632,PRIDE
633,R 5
634,SIERRA
635,SPACE WAGON
636,"2101"
637,VENTO
638,EXPRESS
639,"125"
640,"80"
641,GSA
642,BX
643,SARATOGA
644,MULTIPLA
645,"2104"
646,"1600"
647,"309"
648,REKORD E
649,GRAN MOVE
650,R 320
651,B 150
652,CLA 250
653,B-OSZTÁLY
654,GLE-OSZTÁLY
655,CLS 400
656,TEMPRA
657,"323 F"
658,"166"
659,OMEGA C
660,ATOS
661,IDEA
662,SIGNUM
663,COUPE
664,STREAM
665,ALMERA TINO
666,AVENGER
667,VANEO
668,C-OSZTÁLY
669,SJ SAMURAI
670,AYGO
671,C 320
672,FREELANDER
673,"1-ES SOROZAT"
674,ML 270
675,IQ
676,MAVERICK
677,VERSO-S
678,"300 C"
679,ML 280
680,TALISMAN
681,SLK-OSZTÁLY
682,TRAX
683,E 280
684,"500X"
685,GRAN TURISMO
686,MURANO
687,SL-OSZTÁLY
688,HR-V
689,CADDY MAXI
690,GRAND C4 SPACETOURER
691,"2-ES SOROZAT"
692,"595"
693,"225"
694,ARTEON
695,E-PACE
696,GL-OSZTÁLY
697,GHIBLI
698,"340"
699,RANGE ROVER VELAR
700,X7
701,XEDOS 6
702,JUSTY
703,GL 55
704,"2140"
705,SHUTTLE
706,LANTRA
707,EGYEDI
708,R 9
709,SERENA
710,JETTA II
711,"100 NX"
712,"601"
713,ASCONA C
714,CONCERTO
715,"806"
716,F
717,"1500"
718,CERATO
719,"353"
720,UNO
721,INCA
722,PRIMERA WAGON
723,GRAND AM
724,"145"
725,APPLAUSE
726,"55"
727,"104"
728,VANETTE
729,"2110"
730,SPACE RUNNER
731,KAPPA
732,"100"
733,MPV
734,MX-3
735,JETTA I
736,"405"
737,NIVA
738,"2107"
739,LOGO
740,"112"
741,"75"
742,Y 10
743,E 230
744,"190"
745,SHUMA
746,CORSA A
747,GOLF I
748,"1200"
749,"155"
750,"1300"
751,MARENGO
752,CUORE
753,INTEGRA
754,AVENSIS VERSO
755,"345"
756,GALANT
757,OMEGA B
758,LEGANZA
759,"413"
760,ALBEA
761,NEON
762,"44108"
763,KADETT D
764,S70
765,"1102"
766,BESTA
767,TACUMA
768,E 240
769,"524"
770,LE MANS
771,"607"
772,PREVIA
773,"620"
774,R 25
775,EPICA
776,J5
777,PHEDRA
778,"460"
779,ASCONA
780,C1
781,STRATUS
782,EVANDA
783,PONY
784,C8
785,R 14
786,CORSICA
787,"244"
788,SUNFIRE
789,IMPREZA
790,CLK 320
791,C3 AIRCROSS
792,PRINZ 4 L
793,MAXIMA
794,BOND BUG
795,XJ
796,"518"
797,B
798,CORVETTE
799,T603
800,SL
801,FX4
802,S 63 AMG
803,SAFARI
804,THEMA
805,RETONA
806,PAJERO PININ
807,SLK 200
808,E 290
809,TERRANO
810,VEL SATIS
811,E 420
812,SEBRING
813,MUSA
814,SPIDER
815,E 270
816,KYRON
817,MR 2
818,"250"
819,FORTWO COUPE
820,ZT
821,FORTWO PURE
822,OLYMPIA
823,GOA
824,JUMPER
825,C6
826,M30
827,GLK 200
828,"2002"
829,R-OSZTÁLY
830,"350 Z"
831,XK
832,CL 600
833,FX
834,R 350
835,"944"
836,DEFENDER
837,"545"
838,SKYLINE
839,S 55
840,RS6
841,COMMANDER
842,PATROL
843,RAM
844,GLK 350
845,SOLSTICE
846,DUCATO
847,S 280
848,E 124
849,C3 PLURIEL
850,LEGEND
851,ROCKY
852,TERRACAN
853,CABRIO
854,CELICA
855,ECONOLINE
856,TRIBUTE
857,MINI
858,TACOMA
859,BETA
860,"725"
861,"1007"
862,PRAIRIE
863,FOX
864,FORTWO CABRIO
865,CROSSWAGON
866,"7-ES SOROZAT"
867,CL 500
868,FIREBIRD
869,RX-7
870,MGO
871,MINOR
872,CLK 230
873,BARCHETTA
874,A4 CABRIO
875,"4 KR"
876,IXO TITANE
877,TIIDA
878,B9 TRIBECA
879,SEDICI
880,WIND
881,S 420
882,CADDY LIFE
883,MII
884,RANGE ROVER EVOQUE
885,SCALA
886,T-CROSS
887,KAROQ
888,"280"
889,BOGÁR (KÄFER)
890,"330 GRAN TURISMO"
891,PROACE
892,B 250 E
893,F-TYPE
894,TELCOLINE
895,L 300
896,"93"
897,TERCEL
898,"300"
899,"1310"
900,CJ
901,DISCOVERY
902,CALIBRA
903,MONTEREY
904,"400"
905,RITMO
906,SINTRA
907,TYP 4
908,GALLOPER
909,MX-6
910,A 190
911,HHR
912,PRELUDE
913,CLK 270
914,TAUNUS
915,CROSSLINE
916,GTV
917,"230"
918,DAIMLER
919,W 126
920,R 4
921,SOLARA
922,"732"
923,CAMPO
924,TERIOS
925,SUBURBAN
926,ML 500
927,"735"
928,YETI
929,P 70
930,S 300
931,GREMLIN
932,MORRIS
933,ASTRO
934,W 115
935,PACIFICA
936,"745"
937,DEVILLE
938,B1000
939,THUNDERBIRD
940,JOURNEY
941,GRAND MODUS
942,"1400"
943,MICRA C+C
944,DART
945,"469"
946,M530
947,PATHFINDER
948,BRERA
949,"142"
950,CITIGO
951,"1800"
952,BLS
953,SILVER SHADOW
954,IONIQ
955,"760"
956,SILVERADO
957,WRX
958,CLA 45 AMG
959,RS5
960,GLE 250
961,TARRACO
962,H3T
963,S 65 AMG
964,"911"
965,GS
966,S6
967,DS3
968,"4 RUNNER"
969,"128"
970,JUMPY
971,A.741
972,ALLANTE
973,THESIS
974,S3
975,A 210
976,C 63 AMG
977,E 260
978,S4
979,SUPRA
980,SRX
981,SLK 230
982,PV436
983,M8
984,MC1
985,"4007"
986,I
987,CTS
988,LE SABRE
989,FREECLIMBER
990,MC2
991,H-1 STAREX
992,BOXER
993,ACTYON SPORTS
994,MASTER
995,OLDTIMER
996,SAMBA
997,TF
998,CLK 430
999,RIVIERA
1000,RODIUS
1001,ION
1002,NITRO
1003,FLAVIA
1004,SLK 350
1005,MALIBU
1006,RCZ
1007,C4 AIRCROSS
1008,CORRADO
1009,FAIRWAY
1010,"728"
1011,"4008"
1012,CLS 500
1013,VESTA
1014,S 600
1015,S 2000
1016,NP300 PICKUP
1017,ML 55 AMG
1018,S8
1019,C-ZERO
1020,ENVOY
1021,G-OSZTÁLY
1022,CR-Z
1023,GRAND CARAVAN
1024,CROSSFIRE
1025,"124"
1026,PATRIOT
1027,E 55
1028,VOLT
1029,A3 CABRIO
1030,ECLIPSE
1031,"645"
1032,EXEO
1033,FLEETWOOD
1034,DS4
1035,MAGNUM
1036,"2103"
1037,CELERIO
1038,PV648
1039,WILLYS
1040,"914"
1041,TWIZY
1042,GX6
1043,COURIER
1044,"108"
1045,"69"
1046,ARIA
1047,CHARGER
1048,EXPLORER
1049,PRIMASTAR
1050,FORTWO BRABUS
1051,CLK 500
1052,KARL
1053,IX 55
1054,I-MIEV
1055,C 30 AMG
1056,SL 300
1057,RSX
1058,"425"
1059,G 55 AMG
1060,"280 Z"
1061,UX
1062,S7
1063,C 43 AMG
1064,CHALLENGER
1065,"370 Z"
1066,KIZASHI
1067,BOXSTER
1068,SL 280
1069,CLS
1070,TTRS
1071,EQC
1072,"840"
1073,LC
1074,I-PACE
1075,G 63 AMG
1076,C 63
1077,F 150
1078,SL 63 AMG
1079,AMAROK
1080,R8
1081,DISCOVERY SPORT
1082,GLC 350
1083,STEED 5
1084,SCENIC XMOD
1085,"3000 GT"
1086,BT-50
1087,LT
1088,"4X4"
1089,TAXI CAB
1090,LIBERTY
1091,CE 300
1092,CLC 220
1093,ESCAPE
1094,DR 5
1095,TORONADO
1096,AVANTIME
1097,CLK 220
1098,ODYSSEY
1099,SCION
1100,ELECTRA
1101,TOWN CAR
1102,CE 220
1103,TYP 3
1104,TRANSPORTER T3
1105,LJ 80
1106,YUKON
1107,"9000"
1108,"210"
1109,W 140
1110,NAVIGATOR
1111,BUGGY
1112,"130"
1113,CE 200
1114,"1000"
1115,CE-OSZTÁLY
1116,"260"
1117,M 21
1118,CE 320
1119,R 280
1120,TOWN u0026 COUNTRY
1121,ZHIGULI
1122,S-10
1123,CLC 200
1124,SLK 320
1125,"628"
1126,"2CV"
1127,"200 SX"
1128,SL 320
1129,CONTINENTAL
1130,COPEN
1131,FORTWO PASSION
1132,ATTRAGE
1133,CL 63 AMG
1134,TTS
1135,TIGUAN ALLSPACE
1136,GLA 250
1137,SLC 180
1138,"140"
1139,RS Q3
1140,C 400
1141,"6-OS SOROZAT"
1142,"718"
1143,GT-R
1144,EVASION
1145,CX
1146,ALFETTA
1147,VISA
1148,SEPHIA
1149,DUNA
1150,STRADA
1151,"90"
1152,ASPIRE
1153,"110"
1154,ESPERO
1155,KAPITAN
1156,"300 M"
1157,W 120
1158,IMPERIAL
1159,RABBIT
1160,"305"
1161,ZETA
1162,YRV
1163,CAVALIER
1164,DURANGO
1165,FORTWO CITY COUPE
1166,PASEO
1167,TROOPER
1168,VIRGO
1169,"1203"
1170,INTREPID
1171,"900-AS SOROZAT"
1172,"1100"
1173,FORENZA
1174,SKYLARK
1175,CR-X
1176,C 280
1177,"940"
1178,STREETKA
1179,CORSA COMBO
1180,STANZA
1181,"25"
1182,A 250
1183,"228"
1184,CX-9
1185,S 250
1186,RS4
1187,"131"
1188,S5
1189,GOLF VIII
1190,Q70
1191,"4-ES SOROZAT"
1192,SL 55 AMG
1193,H2
1194,ML 63 AMG
1195,ML 250
1196,G 400
1197,GENESIS
1198,"928"
1199,SILVER SPUR
1200,CLS 63 AMG
1201,Q60
1202,F-PACE
1203,KARMANN GHIA
1204,CL 550
1205,"695"
1206,TALENTO
1207,KAMIQ
1208,F 350
1209,A 45 AMG
1210,EVALIA
1211,GLA
1212,"635"
1213,RS3
1214,ATS
1215,RC
1216,E 63
1217,POLARA
1218,F 250
1219,GL 500
1220,"135"
1221,ALTIMA
1222,MKT
1223,SLK 250
1224,G 270
1225,C10
1226,"633"
1227,S1
1228,X SOROZAT
1229,SLK 300
1230,M1
1231,GLB 200
1232,RL
1233,GL 420
1234,E-TYPE
1235,G 500
1236,B 250
1237,SLC 200
1238,E 63 AMG
1239,GRANTURISMO
1240,QX30
1241,KARMA
1242,SL 450
1243,LEVORG
1244,SL 65 AMG
1245,SL 560
1246,SIENNA
1247,DS 7 Crossback
1248,SLC 300
1249,G 250
1250,EL CAMINO
1251,XT5
1252,CL-OSZTÁLY
1253,SL 380
1254,FULLBACK
1255,MKZ
1256,SL 350
1257,NV400
1258,G 290
1259,MKC
1260,GL 320
1261,B9
1262,CASCADA
1263,CAPRI
1264,QUATTROPORTE
1265,S 550
1266,ARONA
1267,CRAFTER
1268,I SOROZAT
1269,W 108
1270,EXPEDITION
1271,SLK 55 AMG
1272,XLR
1273,TRANSPORTER T2
1274,SC
1275,"9-3"
1276,"9-5"
1277,"1.1"
1278,"1.3"
1279,"10.4"
